filename,label
Image_6.jpg,CAIRNS BIRDWING
Image_7.jpg,GREEN CELLED CATTLEHEART
Image_9.jpg,BROWN SIPROETA
Image_10.jpg,RED POSTMAN
Image_12.jpg,BLACK HAIRSTREAK
Image_15.jpg,PAINTED LADY
Image_17.jpg,PAPER KITE
Image_19.jpg,PINE WHITE
Image_20.jpg,PEACOCK
Image_22.jpg,JULIA
Image_27.jpg,ORANGE OAKLEAF
Image_29.jpg,SLEEPY ORANGE
Image_30.jpg,ATALA
Image_32.jpg,CAIRNS BIRDWING
Image_33.jpg,CAIRNS BIRDWING
Image_36.jpg,PAINTED LADY
Image_38.jpg,GREAT EGGFLY
Image_40.jpg,BLUE SPOTTED CROW
Image_41.jpg,LARGE MARBLE
Image_42.jpg,EASTERN DAPPLE WHITE
Image_43.jpg,LARGE MARBLE
Image_44.jpg,PAINTED LADY
Image_45.jpg,RED CRACKER
Image_46.jpg,QUESTION MARK
Image_48.jpg,BANDED PEACOCK
Image_49.jpg,SILVER SPOT SKIPPER
Image_51.jpg,RED POSTMAN
Image_56.jpg,COPPER TAIL
Image_57.jpg,GREAT JAY
Image_58.jpg,ORANGE OAKLEAF
Image_59.jpg,SCARCE SWALLOW
Image_60.jpg,QUESTION MARK
Image_62.jpg,BLUE SPOTTED CROW
Image_65.jpg,IPHICLUS SISTER
Image_66.jpg,APPOLLO
Image_69.jpg,TWO BARRED FLASHER
Image_70.jpg,ORANGE OAKLEAF
Image_72.jpg,ATALA
Image_75.jpg,PAINTED LADY
Image_78.jpg,TWO BARRED FLASHER
Image_79.jpg,ADONIS
Image_80.jpg,SOOTYWING
Image_81.jpg,TROPICAL LEAFWING
Image_82.jpg,GREEN CELLED CATTLEHEART
Image_85.jpg,QUESTION MARK
Image_86.jpg,APPOLLO
Image_88.jpg,BLUE SPOTTED CROW
Image_89.jpg,PAPER KITE
Image_90.jpg,POPINJAY
Image_91.jpg,PIPEVINE SWALLOW
Image_92.jpg,ORANGE TIP
Image_93.jpg,COMMON WOOD-NYMPH
Image_94.jpg,CLOUDED SULPHUR
Image_96.jpg,LARGE MARBLE
Image_97.jpg,SCARCE SWALLOW
Image_98.jpg,PAPER KITE
Image_99.jpg,CABBAGE WHITE
Image_100.jpg,COPPER TAIL
Image_101.jpg,BECKERS WHITE
Image_102.jpg,RED SPOTTED PURPLE
Image_111.jpg,BROWN SIPROETA
Image_112.jpg,COMMON WOOD-NYMPH
Image_115.jpg,RED POSTMAN
Image_117.jpg,AMERICAN SNOOT
Image_120.jpg,MILBERTS TORTOISESHELL
Image_123.jpg,AN 88
Image_125.jpg,ULYSES
Image_127.jpg,RED SPOTTED PURPLE
Image_129.jpg,CRECENT
Image_130.jpg,GOLD BANDED
Image_131.jpg,INDRA SWALLOW
Image_134.jpg,CLOUDED SULPHUR
Image_135.jpg,SILVER SPOT SKIPPER
Image_143.jpg,SLEEPY ORANGE
Image_146.jpg,RED POSTMAN
Image_147.jpg,PURPLISH COPPER
Image_154.jpg,MANGROVE SKIPPER
Image_156.jpg,GREEN CELLED CATTLEHEART
Image_160.jpg,CLOUDED SULPHUR
Image_162.jpg,ELBOWED PIERROT
Image_168.jpg,RED POSTMAN
Image_169.jpg,MESTRA
Image_171.jpg,EASTERN PINE ELFIN
Image_172.jpg,ORANGE OAKLEAF
Image_177.jpg,MILBERTS TORTOISESHELL
Image_178.jpg,MESTRA
Image_180.jpg,PAINTED LADY
Image_182.jpg,PIPEVINE SWALLOW
Image_184.jpg,EASTERN DAPPLE WHITE
Image_185.jpg,PAINTED LADY
Image_191.jpg,BROWN SIPROETA
Image_193.jpg,MESTRA
Image_195.jpg,EASTERN PINE ELFIN
Image_196.jpg,GREAT EGGFLY
Image_197.jpg,BLUE SPOTTED CROW
Image_198.jpg,SCARCE SWALLOW
Image_200.jpg,STRAITED QUEEN
Image_202.jpg,MESTRA
Image_203.jpg,MANGROVE SKIPPER
Image_209.jpg,PURPLISH COPPER
Image_210.jpg,ORCHARD SWALLOW
Image_213.jpg,COMMON BANDED AWL
Image_214.jpg,GREEN CELLED CATTLEHEART
Image_215.jpg,BECKERS WHITE
Image_217.jpg,BANDED PEACOCK
Image_218.jpg,ULYSES
Image_219.jpg,ULYSES
Image_220.jpg,CRECENT
Image_223.jpg,POPINJAY
Image_224.jpg,EASTERN PINE ELFIN
Image_225.jpg,MOURNING CLOAK
Image_229.jpg,GOLD BANDED
Image_230.jpg,BLUE SPOTTED CROW
Image_234.jpg,MOURNING CLOAK
Image_236.jpg,BLACK HAIRSTREAK
Image_239.jpg,AMERICAN SNOOT
Image_240.jpg,COPPER TAIL
Image_242.jpg,RED ADMIRAL
Image_244.jpg,STRAITED QUEEN
Image_245.jpg,BECKERS WHITE
Image_246.jpg,COPPER TAIL
Image_247.jpg,YELLOW SWALLOW TAIL
Image_248.jpg,GREEN CELLED CATTLEHEART
Image_249.jpg,MONARCH
Image_253.jpg,ATALA
Image_254.jpg,PEACOCK
Image_255.jpg,PURPLE HAIRSTREAK
Image_257.jpg,GREY HAIRSTREAK
Image_261.jpg,CLOUDED SULPHUR
Image_263.jpg,BECKERS WHITE
Image_266.jpg,BROWN SIPROETA
Image_272.jpg,SLEEPY ORANGE
Image_273.jpg,BECKERS WHITE
Image_274.jpg,GOLD BANDED
Image_275.jpg,BROWN SIPROETA
Image_276.jpg,SCARCE SWALLOW
Image_278.jpg,MOURNING CLOAK
Image_280.jpg,ADONIS
Image_288.jpg,WOOD SATYR
Image_290.jpg,AFRICAN GIANT SWALLOWTAIL
Image_292.jpg,SLEEPY ORANGE
Image_297.jpg,BROWN SIPROETA
Image_298.jpg,RED ADMIRAL
Image_299.jpg,CAIRNS BIRDWING
Image_302.jpg,EASTERN COMA
Image_306.jpg,ORCHARD SWALLOW
Image_307.jpg,GREAT JAY
Image_308.jpg,AMERICAN SNOOT
Image_311.jpg,EASTERN DAPPLE WHITE
Image_312.jpg,DANAID EGGFLY
Image_314.jpg,DANAID EGGFLY
Image_315.jpg,GREY HAIRSTREAK
Image_316.jpg,EASTERN PINE ELFIN
Image_318.jpg,MONARCH
Image_320.jpg,ELBOWED PIERROT
Image_321.jpg,AN 88
Image_323.jpg,MOURNING CLOAK
Image_326.jpg,CABBAGE WHITE
Image_330.jpg,ADONIS
Image_331.jpg,GREAT EGGFLY
Image_332.jpg,BLACK HAIRSTREAK
Image_335.jpg,AMERICAN SNOOT
Image_336.jpg,QUESTION MARK
Image_337.jpg,GREY HAIRSTREAK
Image_340.jpg,SOUTHERN DOGFACE
Image_342.jpg,EASTERN DAPPLE WHITE
Image_343.jpg,AN 88
Image_353.jpg,WOOD SATYR
Image_356.jpg,INDRA SWALLOW
Image_357.jpg,ELBOWED PIERROT
Image_362.jpg,PURPLE HAIRSTREAK
Image_363.jpg,EASTERN COMA
Image_368.jpg,BLACK HAIRSTREAK
Image_370.jpg,TWO BARRED FLASHER
Image_381.jpg,ATALA
Image_382.jpg,CRECENT
Image_386.jpg,ORANGE OAKLEAF
Image_389.jpg,MALACHITE
Image_390.jpg,CABBAGE WHITE
Image_397.jpg,MOURNING CLOAK
Image_398.jpg,SLEEPY ORANGE
Image_399.jpg,DANAID EGGFLY
Image_406.jpg,BROWN SIPROETA
Image_409.jpg,MONARCH
Image_412.jpg,TROPICAL LEAFWING
Image_414.jpg,BLUE MORPHO
Image_416.jpg,GREY HAIRSTREAK
Image_419.jpg,PURPLE HAIRSTREAK
Image_427.jpg,METALMARK
Image_428.jpg,AFRICAN GIANT SWALLOWTAIL
Image_429.jpg,RED POSTMAN
Image_431.jpg,GREY HAIRSTREAK
Image_433.jpg,GREAT EGGFLY
Image_435.jpg,YELLOW SWALLOW TAIL
Image_436.jpg,ORCHARD SWALLOW
Image_437.jpg,PURPLE HAIRSTREAK
Image_439.jpg,PAINTED LADY
Image_444.jpg,PURPLISH COPPER
Image_445.jpg,GREAT JAY
Image_448.jpg,BROWN SIPROETA
Image_451.jpg,CAIRNS BIRDWING
Image_452.jpg,ADONIS
Image_453.jpg,SILVER SPOT SKIPPER
Image_455.jpg,CLODIUS PARNASSIAN
Image_458.jpg,BANDED ORANGE HELICONIAN
Image_459.jpg,COMMON WOOD-NYMPH
Image_460.jpg,GREY HAIRSTREAK
Image_461.jpg,ADONIS
Image_464.jpg,GREY HAIRSTREAK
Image_465.jpg,AN 88
Image_466.jpg,AFRICAN GIANT SWALLOWTAIL
Image_468.jpg,AMERICAN SNOOT
Image_471.jpg,BROWN SIPROETA
Image_475.jpg,PIPEVINE SWALLOW
Image_476.jpg,CLODIUS PARNASSIAN
Image_478.jpg,CRECENT
Image_479.jpg,GREAT JAY
Image_480.jpg,JULIA
Image_482.jpg,EASTERN DAPPLE WHITE
Image_483.jpg,ZEBRA LONG WING
Image_484.jpg,BLUE MORPHO
Image_487.jpg,COMMON WOOD-NYMPH
Image_488.jpg,CHECQUERED SKIPPER
Image_490.jpg,MILBERTS TORTOISESHELL
Image_492.jpg,ORCHARD SWALLOW
Image_494.jpg,MOURNING CLOAK
Image_495.jpg,EASTERN PINE ELFIN
Image_497.jpg,RED SPOTTED PURPLE
Image_498.jpg,MONARCH
Image_499.jpg,DANAID EGGFLY
Image_502.jpg,ULYSES
Image_505.jpg,BLACK HAIRSTREAK
Image_507.jpg,BANDED PEACOCK
Image_510.jpg,ORANGE TIP
Image_511.jpg,GREY HAIRSTREAK
Image_512.jpg,POPINJAY
Image_514.jpg,ORCHARD SWALLOW
Image_515.jpg,YELLOW SWALLOW TAIL
Image_516.jpg,CAIRNS BIRDWING
Image_517.jpg,EASTERN PINE ELFIN
Image_521.jpg,GREAT EGGFLY
Image_522.jpg,MANGROVE SKIPPER
Image_523.jpg,RED CRACKER
Image_526.jpg,GREEN CELLED CATTLEHEART
Image_528.jpg,PEACOCK
Image_530.jpg,ZEBRA LONG WING
Image_531.jpg,ULYSES
Image_533.jpg,CHECQUERED SKIPPER
Image_537.jpg,EASTERN PINE ELFIN
Image_539.jpg,METALMARK
Image_540.jpg,APPOLLO
Image_547.jpg,ATALA
Image_548.jpg,CRECENT
Image_550.jpg,INDRA SWALLOW
Image_551.jpg,APPOLLO
Image_554.jpg,EASTERN PINE ELFIN
Image_555.jpg,ADONIS
Image_556.jpg,POPINJAY
Image_557.jpg,EASTERN COMA
Image_559.jpg,IPHICLUS SISTER
Image_560.jpg,RED POSTMAN
Image_561.jpg,EASTERN DAPPLE WHITE
Image_564.jpg,BECKERS WHITE
Image_566.jpg,SLEEPY ORANGE
Image_569.jpg,DANAID EGGFLY
Image_576.jpg,RED SPOTTED PURPLE
Image_580.jpg,BECKERS WHITE
Image_582.jpg,MILBERTS TORTOISESHELL
Image_583.jpg,ELBOWED PIERROT
Image_587.jpg,CLODIUS PARNASSIAN
Image_588.jpg,MOURNING CLOAK
Image_589.jpg,ZEBRA LONG WING
Image_590.jpg,MILBERTS TORTOISESHELL
Image_591.jpg,RED CRACKER
Image_592.jpg,SOOTYWING
Image_595.jpg,RED POSTMAN
Image_600.jpg,AFRICAN GIANT SWALLOWTAIL
Image_601.jpg,TROPICAL LEAFWING
Image_602.jpg,MESTRA
Image_603.jpg,RED POSTMAN
Image_607.jpg,INDRA SWALLOW
Image_609.jpg,CRECENT
Image_613.jpg,BECKERS WHITE
Image_615.jpg,PAINTED LADY
Image_616.jpg,SILVER SPOT SKIPPER
Image_618.jpg,MESTRA
Image_624.jpg,ADONIS
Image_628.jpg,ORANGE OAKLEAF
Image_630.jpg,COMMON WOOD-NYMPH
Image_631.jpg,ORANGE TIP
Image_632.jpg,APPOLLO
Image_634.jpg,DANAID EGGFLY
Image_635.jpg,PURPLISH COPPER
Image_636.jpg,SCARCE SWALLOW
Image_638.jpg,PEACOCK
Image_640.jpg,ELBOWED PIERROT
Image_643.jpg,SOOTYWING
Image_645.jpg,RED POSTMAN
Image_649.jpg,MONARCH
Image_654.jpg,POPINJAY
Image_655.jpg,MALACHITE
Image_657.jpg,ULYSES
Image_660.jpg,PAINTED LADY
Image_661.jpg,BANDED ORANGE HELICONIAN
Image_662.jpg,RED CRACKER
Image_667.jpg,BLACK HAIRSTREAK
Image_668.jpg,COMMON WOOD-NYMPH
Image_670.jpg,AFRICAN GIANT SWALLOWTAIL
Image_672.jpg,LARGE MARBLE
Image_675.jpg,CHESTNUT
Image_676.jpg,JULIA
Image_679.jpg,ELBOWED PIERROT
Image_681.jpg,STRAITED QUEEN
Image_687.jpg,ULYSES
Image_690.jpg,GOLD BANDED
Image_692.jpg,INDRA SWALLOW
Image_694.jpg,MILBERTS TORTOISESHELL
Image_700.jpg,TROPICAL LEAFWING
Image_701.jpg,BANDED PEACOCK
Image_702.jpg,METALMARK
Image_711.jpg,AMERICAN SNOOT
Image_714.jpg,TWO BARRED FLASHER
Image_717.jpg,MESTRA
Image_720.jpg,SILVER SPOT SKIPPER
Image_722.jpg,POPINJAY
Image_723.jpg,CRECENT
Image_724.jpg,CLOUDED SULPHUR
Image_725.jpg,BLUE SPOTTED CROW
Image_726.jpg,RED SPOTTED PURPLE
Image_732.jpg,PURPLISH COPPER
Image_734.jpg,JULIA
Image_735.jpg,ZEBRA LONG WING
Image_738.jpg,ELBOWED PIERROT
Image_740.jpg,MOURNING CLOAK
Image_741.jpg,SILVER SPOT SKIPPER
Image_742.jpg,MOURNING CLOAK
Image_743.jpg,METALMARK
Image_744.jpg,ELBOWED PIERROT
Image_745.jpg,COMMON WOOD-NYMPH
Image_748.jpg,MILBERTS TORTOISESHELL
Image_749.jpg,CLEOPATRA
Image_753.jpg,QUESTION MARK
Image_754.jpg,CLEOPATRA
Image_756.jpg,COMMON BANDED AWL
Image_757.jpg,CRECENT
Image_758.jpg,BLUE SPOTTED CROW
Image_761.jpg,TWO BARRED FLASHER
Image_762.jpg,CRIMSON PATCH
Image_763.jpg,SOUTHERN DOGFACE
Image_764.jpg,MOURNING CLOAK
Image_769.jpg,MILBERTS TORTOISESHELL
Image_770.jpg,AMERICAN SNOOT
Image_773.jpg,CAIRNS BIRDWING
Image_775.jpg,BLUE SPOTTED CROW
Image_776.jpg,CLOUDED SULPHUR
Image_779.jpg,JULIA
Image_780.jpg,INDRA SWALLOW
Image_785.jpg,COPPER TAIL
Image_786.jpg,EASTERN DAPPLE WHITE
Image_788.jpg,JULIA
Image_789.jpg,ORANGE TIP
Image_790.jpg,PURPLE HAIRSTREAK
Image_791.jpg,CHESTNUT
Image_793.jpg,BANDED ORANGE HELICONIAN
Image_794.jpg,LARGE MARBLE
Image_797.jpg,ZEBRA LONG WING
Image_800.jpg,QUESTION MARK
Image_801.jpg,MESTRA
Image_802.jpg,SCARCE SWALLOW
Image_804.jpg,ULYSES
Image_805.jpg,IPHICLUS SISTER
Image_806.jpg,PURPLISH COPPER
Image_808.jpg,MOURNING CLOAK
Image_813.jpg,RED SPOTTED PURPLE
Image_815.jpg,GREAT JAY
Image_818.jpg,AN 88
Image_820.jpg,GREEN CELLED CATTLEHEART
Image_821.jpg,GREEN CELLED CATTLEHEART
Image_824.jpg,EASTERN DAPPLE WHITE
Image_825.jpg,CHESTNUT
Image_828.jpg,BANDED ORANGE HELICONIAN
Image_829.jpg,ORANGE OAKLEAF
Image_830.jpg,ATALA
Image_831.jpg,MONARCH
Image_832.jpg,STRAITED QUEEN
Image_834.jpg,STRAITED QUEEN
Image_835.jpg,CLEOPATRA
Image_836.jpg,ORCHARD SWALLOW
Image_837.jpg,BLACK HAIRSTREAK
Image_839.jpg,ORCHARD SWALLOW
Image_840.jpg,IPHICLUS SISTER
Image_842.jpg,ELBOWED PIERROT
Image_843.jpg,PINE WHITE
Image_844.jpg,INDRA SWALLOW
Image_846.jpg,TWO BARRED FLASHER
Image_850.jpg,PINE WHITE
Image_851.jpg,ORANGE TIP
Image_856.jpg,GREAT JAY
Image_858.jpg,BANDED ORANGE HELICONIAN
Image_859.jpg,ORCHARD SWALLOW
Image_860.jpg,TROPICAL LEAFWING
Image_862.jpg,BLACK HAIRSTREAK
Image_863.jpg,MALACHITE
Image_864.jpg,BLUE SPOTTED CROW
Image_867.jpg,GREEN CELLED CATTLEHEART
Image_868.jpg,CLODIUS PARNASSIAN
Image_869.jpg,IPHICLUS SISTER
Image_874.jpg,CABBAGE WHITE
Image_877.jpg,RED SPOTTED PURPLE
Image_878.jpg,SCARCE SWALLOW
Image_879.jpg,MONARCH
Image_880.jpg,GOLD BANDED
Image_881.jpg,MANGROVE SKIPPER
Image_882.jpg,RED CRACKER
Image_883.jpg,MILBERTS TORTOISESHELL
Image_884.jpg,AN 88
Image_886.jpg,JULIA
Image_887.jpg,PINE WHITE
Image_888.jpg,RED CRACKER
Image_889.jpg,INDRA SWALLOW
Image_890.jpg,ULYSES
Image_893.jpg,GREAT EGGFLY
Image_894.jpg,BLUE MORPHO
Image_895.jpg,CABBAGE WHITE
Image_899.jpg,BANDED ORANGE HELICONIAN
Image_901.jpg,ADONIS
Image_902.jpg,JULIA
Image_903.jpg,BLUE SPOTTED CROW
Image_904.jpg,PAPER KITE
Image_907.jpg,ORANGE TIP
Image_908.jpg,QUESTION MARK
Image_909.jpg,QUESTION MARK
Image_910.jpg,GOLD BANDED
Image_913.jpg,LARGE MARBLE
Image_914.jpg,BANDED PEACOCK
Image_917.jpg,ADONIS
Image_919.jpg,SILVER SPOT SKIPPER
Image_922.jpg,MESTRA
Image_925.jpg,VICEROY
Image_926.jpg,MESTRA
Image_927.jpg,ELBOWED PIERROT
Image_928.jpg,STRAITED QUEEN
Image_929.jpg,SOUTHERN DOGFACE
Image_931.jpg,POPINJAY
Image_934.jpg,CAIRNS BIRDWING
Image_935.jpg,GREY HAIRSTREAK
Image_936.jpg,STRAITED QUEEN
Image_938.jpg,GREAT EGGFLY
Image_939.jpg,MESTRA
Image_940.jpg,CHESTNUT
Image_943.jpg,CHECQUERED SKIPPER
Image_946.jpg,MANGROVE SKIPPER
Image_947.jpg,CHECQUERED SKIPPER
Image_948.jpg,BLACK HAIRSTREAK
Image_949.jpg,GREY HAIRSTREAK
Image_951.jpg,METALMARK
Image_952.jpg,MILBERTS TORTOISESHELL
Image_953.jpg,GREY HAIRSTREAK
Image_954.jpg,ORANGE TIP
Image_956.jpg,TROPICAL LEAFWING
Image_957.jpg,BANDED PEACOCK
Image_959.jpg,TWO BARRED FLASHER
Image_960.jpg,GOLD BANDED
Image_968.jpg,PURPLISH COPPER
Image_971.jpg,DANAID EGGFLY
Image_972.jpg,CHESTNUT
Image_973.jpg,BANDED PEACOCK
Image_975.jpg,PINE WHITE
Image_978.jpg,QUESTION MARK
Image_979.jpg,CAIRNS BIRDWING
Image_981.jpg,SILVER SPOT SKIPPER
Image_984.jpg,SLEEPY ORANGE
Image_985.jpg,CHECQUERED SKIPPER
Image_987.jpg,METALMARK
Image_989.jpg,PURPLE HAIRSTREAK
Image_994.jpg,BLUE MORPHO
Image_995.jpg,AFRICAN GIANT SWALLOWTAIL
Image_996.jpg,COPPER TAIL
Image_997.jpg,ORCHARD SWALLOW
Image_998.jpg,SLEEPY ORANGE
Image_999.jpg,QUESTION MARK
Image_1002.jpg,CRECENT
Image_1004.jpg,WOOD SATYR
Image_1006.jpg,PIPEVINE SWALLOW
Image_1008.jpg,GREAT JAY
Image_1009.jpg,CHESTNUT
Image_1013.jpg,AFRICAN GIANT SWALLOWTAIL
Image_1014.jpg,COPPER TAIL
Image_1015.jpg,AN 88
Image_1016.jpg,RED CRACKER
Image_1017.jpg,ATALA
Image_1018.jpg,BANDED ORANGE HELICONIAN
Image_1019.jpg,LARGE MARBLE
Image_1020.jpg,MANGROVE SKIPPER
Image_1021.jpg,GREY HAIRSTREAK
Image_1026.jpg,CRECENT
Image_1027.jpg,SOOTYWING
Image_1028.jpg,GREEN CELLED CATTLEHEART
Image_1029.jpg,POPINJAY
Image_1031.jpg,BECKERS WHITE
Image_1032.jpg,BECKERS WHITE
Image_1033.jpg,GOLD BANDED
Image_1034.jpg,DANAID EGGFLY
Image_1036.jpg,ZEBRA LONG WING
Image_1037.jpg,DANAID EGGFLY
Image_1039.jpg,APPOLLO
Image_1040.jpg,YELLOW SWALLOW TAIL
Image_1041.jpg,ULYSES
Image_1043.jpg,BLACK HAIRSTREAK
Image_1045.jpg,ULYSES
Image_1046.jpg,COMMON WOOD-NYMPH
Image_1047.jpg,COMMON BANDED AWL
Image_1049.jpg,GREEN CELLED CATTLEHEART
Image_1054.jpg,SLEEPY ORANGE
Image_1059.jpg,CHESTNUT
Image_1062.jpg,SCARCE SWALLOW
Image_1064.jpg,STRAITED QUEEN
Image_1065.jpg,SILVER SPOT SKIPPER
Image_1068.jpg,PAPER KITE
Image_1069.jpg,APPOLLO
Image_1070.jpg,AFRICAN GIANT SWALLOWTAIL
Image_1073.jpg,SOUTHERN DOGFACE
Image_1080.jpg,GREAT JAY
Image_1082.jpg,VICEROY
Image_1087.jpg,ADONIS
Image_1089.jpg,LARGE MARBLE
Image_1091.jpg,IPHICLUS SISTER
Image_1092.jpg,MESTRA
Image_1094.jpg,INDRA SWALLOW
Image_1095.jpg,WOOD SATYR
Image_1096.jpg,WOOD SATYR
Image_1100.jpg,QUESTION MARK
Image_1102.jpg,PAPER KITE
Image_1103.jpg,BANDED ORANGE HELICONIAN
Image_1104.jpg,COMMON WOOD-NYMPH
Image_1106.jpg,BLUE MORPHO
Image_1110.jpg,CLEOPATRA
Image_1111.jpg,GOLD BANDED
Image_1112.jpg,COMMON BANDED AWL
Image_1113.jpg,PINE WHITE
Image_1114.jpg,ZEBRA LONG WING
Image_1117.jpg,IPHICLUS SISTER
Image_1120.jpg,AN 88
Image_1123.jpg,PAINTED LADY
Image_1124.jpg,BLUE SPOTTED CROW
Image_1125.jpg,PIPEVINE SWALLOW
Image_1126.jpg,SLEEPY ORANGE
Image_1127.jpg,SOUTHERN DOGFACE
Image_1131.jpg,PURPLE HAIRSTREAK
Image_1133.jpg,ZEBRA LONG WING
Image_1134.jpg,MILBERTS TORTOISESHELL
Image_1135.jpg,PIPEVINE SWALLOW
Image_1137.jpg,GREEN CELLED CATTLEHEART
Image_1138.jpg,GREAT JAY
Image_1140.jpg,AN 88
Image_1141.jpg,ORCHARD SWALLOW
Image_1142.jpg,COMMON WOOD-NYMPH
Image_1143.jpg,QUESTION MARK
Image_1148.jpg,SOUTHERN DOGFACE
Image_1150.jpg,YELLOW SWALLOW TAIL
Image_1152.jpg,INDRA SWALLOW
Image_1155.jpg,AFRICAN GIANT SWALLOWTAIL
Image_1156.jpg,ATALA
Image_1157.jpg,CLOUDED SULPHUR
Image_1160.jpg,CAIRNS BIRDWING
Image_1161.jpg,ORCHARD SWALLOW
Image_1162.jpg,MOURNING CLOAK
Image_1163.jpg,BLACK HAIRSTREAK
Image_1164.jpg,GREAT JAY
Image_1165.jpg,EASTERN DAPPLE WHITE
Image_1166.jpg,SLEEPY ORANGE
Image_1167.jpg,SOUTHERN DOGFACE
Image_1169.jpg,YELLOW SWALLOW TAIL
Image_1170.jpg,ULYSES
Image_1171.jpg,SLEEPY ORANGE
Image_1174.jpg,SLEEPY ORANGE
Image_1175.jpg,RED CRACKER
Image_1177.jpg,BANDED PEACOCK
Image_1183.jpg,BLACK HAIRSTREAK
Image_1187.jpg,BLUE SPOTTED CROW
Image_1189.jpg,CRIMSON PATCH
Image_1192.jpg,ORANGE TIP
Image_1194.jpg,QUESTION MARK
Image_1195.jpg,COMMON BANDED AWL
Image_1198.jpg,ATALA
Image_1199.jpg,POPINJAY
Image_1200.jpg,MILBERTS TORTOISESHELL
Image_1201.jpg,AN 88
Image_1202.jpg,BANDED ORANGE HELICONIAN
Image_1205.jpg,PINE WHITE
Image_1208.jpg,RED ADMIRAL
Image_1209.jpg,ZEBRA LONG WING
Image_1210.jpg,GOLD BANDED
Image_1212.jpg,AN 88
Image_1213.jpg,MILBERTS TORTOISESHELL
Image_1214.jpg,BANDED ORANGE HELICONIAN
Image_1218.jpg,BANDED PEACOCK
Image_1219.jpg,ORANGE TIP
Image_1222.jpg,SCARCE SWALLOW
Image_1224.jpg,GREEN CELLED CATTLEHEART
Image_1226.jpg,ORCHARD SWALLOW
Image_1227.jpg,CRECENT
Image_1229.jpg,CLOUDED SULPHUR
Image_1231.jpg,GOLD BANDED
Image_1232.jpg,QUESTION MARK
Image_1234.jpg,PAPER KITE
Image_1236.jpg,MANGROVE SKIPPER
Image_1237.jpg,APPOLLO
Image_1238.jpg,BLACK HAIRSTREAK
Image_1240.jpg,GREEN CELLED CATTLEHEART
Image_1241.jpg,LARGE MARBLE
Image_1244.jpg,PEACOCK
Image_1246.jpg,BANDED PEACOCK
Image_1247.jpg,CHESTNUT
Image_1249.jpg,CHECQUERED SKIPPER
Image_1250.jpg,MALACHITE
Image_1252.jpg,SOOTYWING
Image_1253.jpg,BLACK HAIRSTREAK
Image_1254.jpg,SLEEPY ORANGE
Image_1256.jpg,CLEOPATRA
Image_1259.jpg,EASTERN DAPPLE WHITE
Image_1260.jpg,GREY HAIRSTREAK
Image_1261.jpg,CAIRNS BIRDWING
Image_1265.jpg,VICEROY
Image_1266.jpg,WOOD SATYR
Image_1267.jpg,ELBOWED PIERROT
Image_1269.jpg,STRAITED QUEEN
Image_1270.jpg,INDRA SWALLOW
Image_1271.jpg,COMMON BANDED AWL
Image_1272.jpg,MONARCH
Image_1274.jpg,CHESTNUT
Image_1275.jpg,ATALA
Image_1276.jpg,CLODIUS PARNASSIAN
Image_1277.jpg,COMMON WOOD-NYMPH
Image_1279.jpg,MESTRA
Image_1280.jpg,CHESTNUT
Image_1282.jpg,COPPER TAIL
Image_1283.jpg,COMMON BANDED AWL
Image_1284.jpg,STRAITED QUEEN
Image_1285.jpg,CAIRNS BIRDWING
Image_1286.jpg,BLACK HAIRSTREAK
Image_1288.jpg,INDRA SWALLOW
Image_1290.jpg,CLOUDED SULPHUR
Image_1291.jpg,ZEBRA LONG WING
Image_1293.jpg,MOURNING CLOAK
Image_1294.jpg,BROWN SIPROETA
Image_1295.jpg,JULIA
Image_1296.jpg,CABBAGE WHITE
Image_1298.jpg,INDRA SWALLOW
Image_1304.jpg,ORANGE TIP
Image_1307.jpg,BECKERS WHITE
Image_1308.jpg,PURPLE HAIRSTREAK
Image_1309.jpg,COMMON WOOD-NYMPH
Image_1312.jpg,ELBOWED PIERROT
Image_1313.jpg,SOOTYWING
Image_1315.jpg,MONARCH
Image_1317.jpg,RED ADMIRAL
Image_1318.jpg,QUESTION MARK
Image_1320.jpg,MOURNING CLOAK
Image_1321.jpg,IPHICLUS SISTER
Image_1322.jpg,SCARCE SWALLOW
Image_1324.jpg,PAPER KITE
Image_1325.jpg,CLODIUS PARNASSIAN
Image_1326.jpg,SOUTHERN DOGFACE
Image_1327.jpg,RED POSTMAN
Image_1331.jpg,SCARCE SWALLOW
Image_1332.jpg,ATALA
Image_1333.jpg,METALMARK
Image_1334.jpg,GREEN CELLED CATTLEHEART
Image_1335.jpg,ATALA
Image_1336.jpg,COMMON BANDED AWL
Image_1337.jpg,RED POSTMAN
Image_1338.jpg,METALMARK
Image_1341.jpg,RED ADMIRAL
Image_1342.jpg,BANDED PEACOCK
Image_1343.jpg,PAPER KITE
Image_1349.jpg,DANAID EGGFLY
Image_1353.jpg,ORANGE OAKLEAF
Image_1354.jpg,SCARCE SWALLOW
Image_1358.jpg,COMMON WOOD-NYMPH
Image_1359.jpg,AMERICAN SNOOT
Image_1361.jpg,POPINJAY
Image_1362.jpg,ULYSES
Image_1363.jpg,COMMON WOOD-NYMPH
Image_1366.jpg,AN 88
Image_1367.jpg,GREAT JAY
Image_1372.jpg,RED CRACKER
Image_1373.jpg,AN 88
Image_1375.jpg,CLOUDED SULPHUR
Image_1377.jpg,AN 88
Image_1379.jpg,MONARCH
Image_1380.jpg,PAPER KITE
Image_1381.jpg,PAPER KITE
Image_1382.jpg,CABBAGE WHITE
Image_1383.jpg,CABBAGE WHITE
Image_1385.jpg,AN 88
Image_1386.jpg,PURPLISH COPPER
Image_1387.jpg,SILVER SPOT SKIPPER
Image_1389.jpg,RED ADMIRAL
Image_1398.jpg,PURPLISH COPPER
Image_1399.jpg,PIPEVINE SWALLOW
Image_1400.jpg,BANDED PEACOCK
Image_1401.jpg,YELLOW SWALLOW TAIL
Image_1402.jpg,GREAT EGGFLY
Image_1405.jpg,CAIRNS BIRDWING
Image_1406.jpg,ORANGE TIP
Image_1407.jpg,QUESTION MARK
Image_1410.jpg,BLUE MORPHO
Image_1414.jpg,EASTERN DAPPLE WHITE
Image_1415.jpg,MOURNING CLOAK
Image_1418.jpg,CLOUDED SULPHUR
Image_1421.jpg,SCARCE SWALLOW
Image_1422.jpg,GREAT JAY
Image_1423.jpg,COPPER TAIL
Image_1425.jpg,PURPLE HAIRSTREAK
Image_1428.jpg,DANAID EGGFLY
Image_1431.jpg,MOURNING CLOAK
Image_1434.jpg,WOOD SATYR
Image_1435.jpg,EASTERN DAPPLE WHITE
Image_1436.jpg,BLUE MORPHO
Image_1437.jpg,BANDED PEACOCK
Image_1438.jpg,ORANGE TIP
Image_1439.jpg,TROPICAL LEAFWING
Image_1441.jpg,RED CRACKER
Image_1442.jpg,SOUTHERN DOGFACE
Image_1443.jpg,PURPLE HAIRSTREAK
Image_1444.jpg,STRAITED QUEEN
Image_1445.jpg,PINE WHITE
Image_1447.jpg,CHESTNUT
Image_1450.jpg,MONARCH
Image_1451.jpg,RED POSTMAN
Image_1452.jpg,CHESTNUT
Image_1453.jpg,BANDED PEACOCK
Image_1454.jpg,BLUE SPOTTED CROW
Image_1456.jpg,EASTERN PINE ELFIN
Image_1457.jpg,JULIA
Image_1459.jpg,COPPER TAIL
Image_1461.jpg,CHESTNUT
Image_1462.jpg,COMMON BANDED AWL
Image_1464.jpg,SILVER SPOT SKIPPER
Image_1465.jpg,APPOLLO
Image_1467.jpg,ORANGE TIP
Image_1469.jpg,RED CRACKER
Image_1471.jpg,SLEEPY ORANGE
Image_1473.jpg,BROWN SIPROETA
Image_1474.jpg,COMMON BANDED AWL
Image_1475.jpg,MILBERTS TORTOISESHELL
Image_1476.jpg,AN 88
Image_1477.jpg,GOLD BANDED
Image_1478.jpg,SLEEPY ORANGE
Image_1479.jpg,METALMARK
Image_1481.jpg,GREAT EGGFLY
Image_1482.jpg,CLOUDED SULPHUR
Image_1483.jpg,GOLD BANDED
Image_1487.jpg,DANAID EGGFLY
Image_1490.jpg,GREEN CELLED CATTLEHEART
Image_1491.jpg,POPINJAY
Image_1494.jpg,EASTERN COMA
Image_1497.jpg,TWO BARRED FLASHER
Image_1498.jpg,DANAID EGGFLY
Image_1499.jpg,QUESTION MARK
Image_1500.jpg,BLACK HAIRSTREAK
Image_1502.jpg,DANAID EGGFLY
Image_1506.jpg,BLUE MORPHO
Image_1510.jpg,GREY HAIRSTREAK
Image_1512.jpg,PIPEVINE SWALLOW
Image_1514.jpg,AMERICAN SNOOT
Image_1516.jpg,ELBOWED PIERROT
Image_1517.jpg,INDRA SWALLOW
Image_1519.jpg,ORCHARD SWALLOW
Image_1521.jpg,BECKERS WHITE
Image_1522.jpg,BANDED PEACOCK
Image_1524.jpg,SOUTHERN DOGFACE
Image_1525.jpg,STRAITED QUEEN
Image_1527.jpg,AN 88
Image_1528.jpg,CABBAGE WHITE
Image_1529.jpg,BANDED PEACOCK
Image_1532.jpg,LARGE MARBLE
Image_1533.jpg,CLOUDED SULPHUR
Image_1534.jpg,RED POSTMAN
Image_1535.jpg,BANDED PEACOCK
Image_1536.jpg,LARGE MARBLE
Image_1537.jpg,PURPLISH COPPER
Image_1538.jpg,CRIMSON PATCH
Image_1539.jpg,EASTERN COMA
Image_1541.jpg,SOOTYWING
Image_1542.jpg,DANAID EGGFLY
Image_1547.jpg,COMMON WOOD-NYMPH
Image_1549.jpg,METALMARK
Image_1550.jpg,CRECENT
Image_1551.jpg,ATALA
Image_1552.jpg,BANDED ORANGE HELICONIAN
Image_1558.jpg,ATALA
Image_1559.jpg,MESTRA
Image_1561.jpg,ORANGE TIP
Image_1563.jpg,APPOLLO
Image_1564.jpg,EASTERN DAPPLE WHITE
Image_1565.jpg,ADONIS
Image_1566.jpg,POPINJAY
Image_1570.jpg,SLEEPY ORANGE
Image_1571.jpg,APPOLLO
Image_1578.jpg,APPOLLO
Image_1579.jpg,MALACHITE
Image_1581.jpg,CABBAGE WHITE
Image_1582.jpg,MOURNING CLOAK
Image_1586.jpg,CLEOPATRA
Image_1588.jpg,RED POSTMAN
Image_1591.jpg,CLOUDED SULPHUR
Image_1596.jpg,JULIA
Image_1598.jpg,PURPLE HAIRSTREAK
Image_1599.jpg,TROPICAL LEAFWING
Image_1602.jpg,CHESTNUT
Image_1605.jpg,VICEROY
Image_1608.jpg,BROWN SIPROETA
Image_1609.jpg,VICEROY
Image_1610.jpg,ZEBRA LONG WING
Image_1611.jpg,MOURNING CLOAK
Image_1614.jpg,ELBOWED PIERROT
Image_1615.jpg,ORANGE OAKLEAF
Image_1617.jpg,STRAITED QUEEN
Image_1620.jpg,ELBOWED PIERROT
Image_1621.jpg,MILBERTS TORTOISESHELL
Image_1622.jpg,RED POSTMAN
Image_1623.jpg,MESTRA
Image_1625.jpg,PURPLE HAIRSTREAK
Image_1626.jpg,RED SPOTTED PURPLE
Image_1627.jpg,EASTERN DAPPLE WHITE
Image_1628.jpg,STRAITED QUEEN
Image_1633.jpg,IPHICLUS SISTER
Image_1634.jpg,ATALA
Image_1637.jpg,COMMON WOOD-NYMPH
Image_1638.jpg,CLEOPATRA
Image_1639.jpg,MANGROVE SKIPPER
Image_1641.jpg,COMMON BANDED AWL
Image_1642.jpg,MALACHITE
Image_1645.jpg,MILBERTS TORTOISESHELL
Image_1647.jpg,TWO BARRED FLASHER
Image_1648.jpg,PURPLE HAIRSTREAK
Image_1654.jpg,METALMARK
Image_1655.jpg,CRIMSON PATCH
Image_1656.jpg,COMMON BANDED AWL
Image_1657.jpg,TROPICAL LEAFWING
Image_1659.jpg,CLOUDED SULPHUR
Image_1662.jpg,ORCHARD SWALLOW
Image_1664.jpg,METALMARK
Image_1665.jpg,CRECENT
Image_1667.jpg,CLODIUS PARNASSIAN
Image_1668.jpg,EASTERN PINE ELFIN
Image_1670.jpg,CRECENT
Image_1671.jpg,COMMON BANDED AWL
Image_1673.jpg,MOURNING CLOAK
Image_1674.jpg,COMMON WOOD-NYMPH
Image_1675.jpg,ORANGE TIP
Image_1678.jpg,GREAT EGGFLY
Image_1682.jpg,SILVER SPOT SKIPPER
Image_1683.jpg,CAIRNS BIRDWING
Image_1684.jpg,IPHICLUS SISTER
Image_1685.jpg,CLEOPATRA
Image_1687.jpg,MALACHITE
Image_1690.jpg,IPHICLUS SISTER
Image_1692.jpg,BANDED PEACOCK
Image_1694.jpg,MONARCH
Image_1696.jpg,EASTERN DAPPLE WHITE
Image_1701.jpg,TROPICAL LEAFWING
Image_1702.jpg,BECKERS WHITE
Image_1710.jpg,GREAT EGGFLY
Image_1712.jpg,ADONIS
Image_1717.jpg,RED SPOTTED PURPLE
Image_1722.jpg,INDRA SWALLOW
Image_1726.jpg,ATALA
Image_1728.jpg,CLODIUS PARNASSIAN
Image_1729.jpg,POPINJAY
Image_1730.jpg,MOURNING CLOAK
Image_1733.jpg,METALMARK
Image_1735.jpg,BECKERS WHITE
Image_1736.jpg,PURPLISH COPPER
Image_1738.jpg,GREAT JAY
Image_1739.jpg,CRIMSON PATCH
Image_1741.jpg,BANDED ORANGE HELICONIAN
Image_1742.jpg,BANDED PEACOCK
Image_1748.jpg,CLODIUS PARNASSIAN
Image_1749.jpg,TWO BARRED FLASHER
Image_1751.jpg,SCARCE SWALLOW
Image_1754.jpg,LARGE MARBLE
Image_1755.jpg,CRIMSON PATCH
Image_1756.jpg,LARGE MARBLE
Image_1757.jpg,SLEEPY ORANGE
Image_1761.jpg,CABBAGE WHITE
Image_1763.jpg,AMERICAN SNOOT
Image_1768.jpg,CRECENT
Image_1769.jpg,QUESTION MARK
Image_1770.jpg,RED POSTMAN
Image_1773.jpg,PAINTED LADY
Image_1774.jpg,APPOLLO
Image_1776.jpg,SILVER SPOT SKIPPER
Image_1777.jpg,AMERICAN SNOOT
Image_1778.jpg,JULIA
Image_1781.jpg,MANGROVE SKIPPER
Image_1782.jpg,COMMON WOOD-NYMPH
Image_1784.jpg,COMMON WOOD-NYMPH
Image_1785.jpg,AN 88
Image_1786.jpg,MESTRA
Image_1790.jpg,BROWN SIPROETA
Image_1797.jpg,CRECENT
Image_1798.jpg,RED SPOTTED PURPLE
Image_1799.jpg,MILBERTS TORTOISESHELL
Image_1800.jpg,CLODIUS PARNASSIAN
Image_1802.jpg,MANGROVE SKIPPER
Image_1803.jpg,POPINJAY
Image_1808.jpg,INDRA SWALLOW
Image_1810.jpg,GOLD BANDED
Image_1811.jpg,GREAT EGGFLY
Image_1812.jpg,ELBOWED PIERROT
Image_1813.jpg,GREY HAIRSTREAK
Image_1817.jpg,ZEBRA LONG WING
Image_1818.jpg,SLEEPY ORANGE
Image_1819.jpg,PEACOCK
Image_1820.jpg,MONARCH
Image_1821.jpg,RED CRACKER
Image_1822.jpg,BLUE MORPHO
Image_1824.jpg,CAIRNS BIRDWING
Image_1826.jpg,PIPEVINE SWALLOW
Image_1830.jpg,YELLOW SWALLOW TAIL
Image_1831.jpg,JULIA
Image_1835.jpg,SILVER SPOT SKIPPER
Image_1838.jpg,SLEEPY ORANGE
Image_1839.jpg,EASTERN DAPPLE WHITE
Image_1840.jpg,ATALA
Image_1845.jpg,MALACHITE
Image_1846.jpg,LARGE MARBLE
Image_1847.jpg,BLUE MORPHO
Image_1851.jpg,CHECQUERED SKIPPER
Image_1852.jpg,EASTERN COMA
Image_1853.jpg,MOURNING CLOAK
Image_1854.jpg,ZEBRA LONG WING
Image_1855.jpg,GOLD BANDED
Image_1857.jpg,EASTERN COMA
Image_1860.jpg,CLEOPATRA
Image_1861.jpg,SOOTYWING
Image_1865.jpg,RED POSTMAN
Image_1868.jpg,PURPLISH COPPER
Image_1870.jpg,BECKERS WHITE
Image_1874.jpg,YELLOW SWALLOW TAIL
Image_1875.jpg,PINE WHITE
Image_1879.jpg,SILVER SPOT SKIPPER
Image_1883.jpg,AN 88
Image_1885.jpg,METALMARK
Image_1886.jpg,ORANGE OAKLEAF
Image_1887.jpg,MALACHITE
Image_1890.jpg,QUESTION MARK
Image_1891.jpg,PIPEVINE SWALLOW
Image_1893.jpg,TROPICAL LEAFWING
Image_1898.jpg,CHECQUERED SKIPPER
Image_1899.jpg,PEACOCK
Image_1900.jpg,CLEOPATRA
Image_1904.jpg,MOURNING CLOAK
Image_1905.jpg,PAPER KITE
Image_1909.jpg,AMERICAN SNOOT
Image_1913.jpg,BLUE MORPHO
Image_1914.jpg,SCARCE SWALLOW
Image_1916.jpg,CLODIUS PARNASSIAN
Image_1917.jpg,MANGROVE SKIPPER
Image_1921.jpg,IPHICLUS SISTER
Image_1923.jpg,EASTERN DAPPLE WHITE
Image_1925.jpg,SOUTHERN DOGFACE
Image_1928.jpg,RED POSTMAN
Image_1929.jpg,COMMON BANDED AWL
Image_1931.jpg,PURPLE HAIRSTREAK
Image_1932.jpg,COMMON WOOD-NYMPH
Image_1933.jpg,EASTERN DAPPLE WHITE
Image_1934.jpg,SOOTYWING
Image_1936.jpg,ORCHARD SWALLOW
Image_1939.jpg,POPINJAY
Image_1940.jpg,PEACOCK
Image_1943.jpg,MILBERTS TORTOISESHELL
Image_1946.jpg,WOOD SATYR
Image_1947.jpg,RED POSTMAN
Image_1948.jpg,CLEOPATRA
Image_1951.jpg,GREY HAIRSTREAK
Image_1953.jpg,AN 88
Image_1954.jpg,MONARCH
Image_1955.jpg,BROWN SIPROETA
Image_1959.jpg,MILBERTS TORTOISESHELL
Image_1960.jpg,ORANGE OAKLEAF
Image_1961.jpg,PINE WHITE
Image_1962.jpg,SOOTYWING
Image_1963.jpg,COPPER TAIL
Image_1964.jpg,CABBAGE WHITE
Image_1965.jpg,CHESTNUT
Image_1967.jpg,EASTERN DAPPLE WHITE
Image_1970.jpg,CLOUDED SULPHUR
Image_1971.jpg,DANAID EGGFLY
Image_1972.jpg,ATALA
Image_1973.jpg,GOLD BANDED
Image_1975.jpg,AN 88
Image_1977.jpg,TWO BARRED FLASHER
Image_1980.jpg,CABBAGE WHITE
Image_1981.jpg,BLUE MORPHO
Image_1982.jpg,BLUE MORPHO
Image_1983.jpg,MOURNING CLOAK
Image_1990.jpg,GREAT JAY
Image_1993.jpg,AN 88
Image_1994.jpg,METALMARK
Image_1996.jpg,INDRA SWALLOW
Image_1997.jpg,POPINJAY
Image_1998.jpg,YELLOW SWALLOW TAIL
Image_2002.jpg,INDRA SWALLOW
Image_2008.jpg,BLACK HAIRSTREAK
Image_2009.jpg,POPINJAY
Image_2011.jpg,ORANGE TIP
Image_2013.jpg,MILBERTS TORTOISESHELL
Image_2014.jpg,ORANGE OAKLEAF
Image_2017.jpg,CLODIUS PARNASSIAN
Image_2018.jpg,GOLD BANDED
Image_2020.jpg,DANAID EGGFLY
Image_2021.jpg,PURPLE HAIRSTREAK
Image_2022.jpg,SOOTYWING
Image_2025.jpg,EASTERN DAPPLE WHITE
Image_2026.jpg,EASTERN COMA
Image_2027.jpg,PINE WHITE
Image_2031.jpg,LARGE MARBLE
Image_2032.jpg,JULIA
Image_2037.jpg,RED CRACKER
Image_2039.jpg,SOUTHERN DOGFACE
Image_2041.jpg,PAINTED LADY
Image_2043.jpg,APPOLLO
Image_2046.jpg,GREEN CELLED CATTLEHEART
Image_2047.jpg,PEACOCK
Image_2048.jpg,ZEBRA LONG WING
Image_2049.jpg,MANGROVE SKIPPER
Image_2051.jpg,LARGE MARBLE
Image_2055.jpg,CHECQUERED SKIPPER
Image_2056.jpg,YELLOW SWALLOW TAIL
Image_2057.jpg,ORCHARD SWALLOW
Image_2063.jpg,CHESTNUT
Image_2066.jpg,AFRICAN GIANT SWALLOWTAIL
Image_2068.jpg,TROPICAL LEAFWING
Image_2069.jpg,AFRICAN GIANT SWALLOWTAIL
Image_2070.jpg,EASTERN COMA
Image_2071.jpg,PAINTED LADY
Image_2073.jpg,TROPICAL LEAFWING
Image_2077.jpg,METALMARK
Image_2078.jpg,RED ADMIRAL
Image_2080.jpg,CLEOPATRA
Image_2082.jpg,PAPER KITE
Image_2083.jpg,ULYSES
Image_2084.jpg,MONARCH
Image_2086.jpg,ORANGE OAKLEAF
Image_2087.jpg,PAPER KITE
Image_2088.jpg,MONARCH
Image_2093.jpg,AMERICAN SNOOT
Image_2095.jpg,BLUE MORPHO
Image_2096.jpg,EASTERN DAPPLE WHITE
Image_2099.jpg,CLOUDED SULPHUR
Image_2101.jpg,ADONIS
Image_2102.jpg,AN 88
Image_2103.jpg,SLEEPY ORANGE
Image_2105.jpg,COMMON WOOD-NYMPH
Image_2107.jpg,ULYSES
Image_2108.jpg,SOUTHERN DOGFACE
Image_2110.jpg,BANDED ORANGE HELICONIAN
Image_2112.jpg,MOURNING CLOAK
Image_2113.jpg,ORANGE TIP
Image_2114.jpg,EASTERN PINE ELFIN
Image_2115.jpg,BLACK HAIRSTREAK
Image_2116.jpg,TWO BARRED FLASHER
Image_2118.jpg,VICEROY
Image_2120.jpg,EASTERN DAPPLE WHITE
Image_2121.jpg,MANGROVE SKIPPER
Image_2123.jpg,BANDED ORANGE HELICONIAN
Image_2126.jpg,PAINTED LADY
Image_2127.jpg,CHECQUERED SKIPPER
Image_2128.jpg,PURPLE HAIRSTREAK
Image_2129.jpg,SCARCE SWALLOW
Image_2130.jpg,COMMON BANDED AWL
Image_2132.jpg,ADONIS
Image_2133.jpg,SOUTHERN DOGFACE
Image_2134.jpg,DANAID EGGFLY
Image_2135.jpg,TWO BARRED FLASHER
Image_2137.jpg,SOUTHERN DOGFACE
Image_2138.jpg,MOURNING CLOAK
Image_2139.jpg,DANAID EGGFLY
Image_2140.jpg,AFRICAN GIANT SWALLOWTAIL
Image_2141.jpg,PURPLE HAIRSTREAK
Image_2142.jpg,BLUE SPOTTED CROW
Image_2143.jpg,COMMON WOOD-NYMPH
Image_2144.jpg,MILBERTS TORTOISESHELL
Image_2145.jpg,CHECQUERED SKIPPER
Image_2147.jpg,POPINJAY
Image_2149.jpg,RED ADMIRAL
Image_2150.jpg,GREAT JAY
Image_2151.jpg,ORANGE OAKLEAF
Image_2154.jpg,PURPLISH COPPER
Image_2155.jpg,PIPEVINE SWALLOW
Image_2156.jpg,CRECENT
Image_2157.jpg,BLUE SPOTTED CROW
Image_2161.jpg,RED SPOTTED PURPLE
Image_2163.jpg,MONARCH
Image_2166.jpg,LARGE MARBLE
Image_2167.jpg,QUESTION MARK
Image_2169.jpg,DANAID EGGFLY
Image_2173.jpg,SOOTYWING
Image_2174.jpg,APPOLLO
Image_2175.jpg,SILVER SPOT SKIPPER
Image_2179.jpg,TWO BARRED FLASHER
Image_2180.jpg,CHECQUERED SKIPPER
Image_2181.jpg,CRIMSON PATCH
Image_2186.jpg,COMMON BANDED AWL
Image_2187.jpg,GREEN CELLED CATTLEHEART
Image_2189.jpg,ORANGE TIP
Image_2190.jpg,COMMON WOOD-NYMPH
Image_2193.jpg,YELLOW SWALLOW TAIL
Image_2194.jpg,RED CRACKER
Image_2196.jpg,STRAITED QUEEN
Image_2199.jpg,METALMARK
Image_2201.jpg,CLOUDED SULPHUR
Image_2202.jpg,PINE WHITE
Image_2204.jpg,IPHICLUS SISTER
Image_2205.jpg,BANDED ORANGE HELICONIAN
Image_2207.jpg,QUESTION MARK
Image_2208.jpg,MESTRA
Image_2209.jpg,ELBOWED PIERROT
Image_2215.jpg,RED POSTMAN
Image_2216.jpg,CABBAGE WHITE
Image_2217.jpg,COMMON BANDED AWL
Image_2221.jpg,AFRICAN GIANT SWALLOWTAIL
Image_2222.jpg,AFRICAN GIANT SWALLOWTAIL
Image_2224.jpg,CABBAGE WHITE
Image_2225.jpg,CHESTNUT
Image_2226.jpg,PAINTED LADY
Image_2227.jpg,DANAID EGGFLY
Image_2228.jpg,TWO BARRED FLASHER
Image_2231.jpg,PURPLISH COPPER
Image_2237.jpg,BANDED ORANGE HELICONIAN
Image_2239.jpg,MANGROVE SKIPPER
Image_2242.jpg,ORANGE TIP
Image_2245.jpg,SOOTYWING
Image_2246.jpg,GREAT JAY
Image_2247.jpg,QUESTION MARK
Image_2248.jpg,ORCHARD SWALLOW
Image_2250.jpg,RED CRACKER
Image_2251.jpg,WOOD SATYR
Image_2252.jpg,PINE WHITE
Image_2258.jpg,COPPER TAIL
Image_2259.jpg,TWO BARRED FLASHER
Image_2262.jpg,GREAT JAY
Image_2263.jpg,AN 88
Image_2264.jpg,CHESTNUT
Image_2265.jpg,MANGROVE SKIPPER
Image_2266.jpg,SCARCE SWALLOW
Image_2267.jpg,APPOLLO
Image_2270.jpg,MILBERTS TORTOISESHELL
Image_2273.jpg,BECKERS WHITE
Image_2277.jpg,GREEN CELLED CATTLEHEART
Image_2280.jpg,RED POSTMAN
Image_2285.jpg,LARGE MARBLE
Image_2286.jpg,CHECQUERED SKIPPER
Image_2287.jpg,AMERICAN SNOOT
Image_2288.jpg,ELBOWED PIERROT
Image_2290.jpg,PEACOCK
Image_2291.jpg,BANDED PEACOCK
Image_2293.jpg,CABBAGE WHITE
Image_2296.jpg,RED ADMIRAL
Image_2297.jpg,CABBAGE WHITE
Image_2298.jpg,CRECENT
Image_2300.jpg,MOURNING CLOAK
Image_2302.jpg,AMERICAN SNOOT
Image_2305.jpg,ORANGE TIP
Image_2306.jpg,MOURNING CLOAK
Image_2307.jpg,BECKERS WHITE
Image_2308.jpg,SILVER SPOT SKIPPER
Image_2309.jpg,EASTERN PINE ELFIN
Image_2311.jpg,CLOUDED SULPHUR
Image_2313.jpg,MILBERTS TORTOISESHELL
Image_2315.jpg,GREAT JAY
Image_2316.jpg,MESTRA
Image_2317.jpg,BLUE MORPHO
Image_2318.jpg,DANAID EGGFLY
Image_2321.jpg,IPHICLUS SISTER
Image_2322.jpg,EASTERN DAPPLE WHITE
Image_2325.jpg,CLEOPATRA
Image_2326.jpg,GREAT EGGFLY
Image_2328.jpg,MESTRA
Image_2332.jpg,SOUTHERN DOGFACE
Image_2334.jpg,QUESTION MARK
Image_2335.jpg,CLOUDED SULPHUR
Image_2336.jpg,APPOLLO
Image_2338.jpg,RED SPOTTED PURPLE
Image_2339.jpg,GREAT EGGFLY
Image_2342.jpg,APPOLLO
Image_2345.jpg,CRIMSON PATCH
Image_2346.jpg,SOOTYWING
Image_2347.jpg,PIPEVINE SWALLOW
Image_2348.jpg,APPOLLO
Image_2349.jpg,MANGROVE SKIPPER
Image_2350.jpg,MILBERTS TORTOISESHELL
Image_2351.jpg,GREY HAIRSTREAK
Image_2352.jpg,MILBERTS TORTOISESHELL
Image_2353.jpg,AFRICAN GIANT SWALLOWTAIL
Image_2354.jpg,PAINTED LADY
Image_2356.jpg,ATALA
Image_2358.jpg,PURPLISH COPPER
Image_2365.jpg,PEACOCK
Image_2369.jpg,MALACHITE
Image_2373.jpg,PIPEVINE SWALLOW
Image_2380.jpg,INDRA SWALLOW
Image_2387.jpg,ULYSES
Image_2397.jpg,TROPICAL LEAFWING
Image_2398.jpg,RED SPOTTED PURPLE
Image_2403.jpg,GREAT EGGFLY
Image_2406.jpg,RED SPOTTED PURPLE
Image_2409.jpg,ADONIS
Image_2410.jpg,ELBOWED PIERROT
Image_2411.jpg,ORANGE OAKLEAF
Image_2412.jpg,BROWN SIPROETA
Image_2415.jpg,PINE WHITE
Image_2417.jpg,MALACHITE
Image_2420.jpg,RED ADMIRAL
Image_2421.jpg,QUESTION MARK
Image_2423.jpg,STRAITED QUEEN
Image_2424.jpg,INDRA SWALLOW
Image_2425.jpg,WOOD SATYR
Image_2427.jpg,MONARCH
Image_2430.jpg,PURPLISH COPPER
Image_2432.jpg,PIPEVINE SWALLOW
Image_2436.jpg,ZEBRA LONG WING
Image_2441.jpg,ZEBRA LONG WING
Image_2443.jpg,RED POSTMAN
Image_2447.jpg,COMMON WOOD-NYMPH
Image_2449.jpg,SLEEPY ORANGE
Image_2450.jpg,IPHICLUS SISTER
Image_2452.jpg,POPINJAY
Image_2453.jpg,BROWN SIPROETA
Image_2454.jpg,BANDED ORANGE HELICONIAN
Image_2455.jpg,AFRICAN GIANT SWALLOWTAIL
Image_2457.jpg,ORCHARD SWALLOW
Image_2462.jpg,GREEN CELLED CATTLEHEART
Image_2465.jpg,AFRICAN GIANT SWALLOWTAIL
Image_2466.jpg,EASTERN PINE ELFIN
Image_2467.jpg,CLODIUS PARNASSIAN
Image_2468.jpg,PIPEVINE SWALLOW
Image_2469.jpg,ORANGE TIP
Image_2473.jpg,MOURNING CLOAK
Image_2476.jpg,APPOLLO
Image_2477.jpg,SILVER SPOT SKIPPER
Image_2478.jpg,CRIMSON PATCH
Image_2480.jpg,METALMARK
Image_2485.jpg,GREY HAIRSTREAK
Image_2486.jpg,COMMON BANDED AWL
Image_2487.jpg,ORANGE OAKLEAF
Image_2488.jpg,ADONIS
Image_2492.jpg,CAIRNS BIRDWING
Image_2494.jpg,APPOLLO
Image_2496.jpg,SCARCE SWALLOW
Image_2497.jpg,MONARCH
Image_2498.jpg,CLODIUS PARNASSIAN
Image_2499.jpg,GREY HAIRSTREAK
Image_2500.jpg,PAPER KITE
Image_2503.jpg,BANDED PEACOCK
Image_2504.jpg,ZEBRA LONG WING
Image_2505.jpg,BLACK HAIRSTREAK
Image_2506.jpg,CLODIUS PARNASSIAN
Image_2509.jpg,GREAT JAY
Image_2510.jpg,GREEN CELLED CATTLEHEART
Image_2511.jpg,EASTERN COMA
Image_2514.jpg,BLACK HAIRSTREAK
Image_2517.jpg,CABBAGE WHITE
Image_2518.jpg,RED SPOTTED PURPLE
Image_2522.jpg,APPOLLO
Image_2525.jpg,PURPLISH COPPER
Image_2526.jpg,SLEEPY ORANGE
Image_2527.jpg,SLEEPY ORANGE
Image_2530.jpg,BECKERS WHITE
Image_2531.jpg,IPHICLUS SISTER
Image_2532.jpg,MILBERTS TORTOISESHELL
Image_2534.jpg,PURPLISH COPPER
Image_2535.jpg,SCARCE SWALLOW
Image_2536.jpg,PINE WHITE
Image_2537.jpg,RED SPOTTED PURPLE
Image_2541.jpg,GREAT JAY
Image_2543.jpg,GREY HAIRSTREAK
Image_2544.jpg,PINE WHITE
Image_2545.jpg,GREEN CELLED CATTLEHEART
Image_2547.jpg,SLEEPY ORANGE
Image_2550.jpg,PURPLISH COPPER
Image_2551.jpg,MALACHITE
Image_2553.jpg,PURPLE HAIRSTREAK
Image_2555.jpg,COPPER TAIL
Image_2556.jpg,SILVER SPOT SKIPPER
Image_2558.jpg,EASTERN PINE ELFIN
Image_2561.jpg,CLOUDED SULPHUR
Image_2562.jpg,EASTERN PINE ELFIN
Image_2563.jpg,WOOD SATYR
Image_2564.jpg,CHECQUERED SKIPPER
Image_2565.jpg,GREEN CELLED CATTLEHEART
Image_2567.jpg,GREAT EGGFLY
Image_2570.jpg,SCARCE SWALLOW
Image_2571.jpg,CLODIUS PARNASSIAN
Image_2572.jpg,PINE WHITE
Image_2573.jpg,CLODIUS PARNASSIAN
Image_2579.jpg,EASTERN PINE ELFIN
Image_2582.jpg,GREY HAIRSTREAK
Image_2583.jpg,EASTERN DAPPLE WHITE
Image_2584.jpg,ADONIS
Image_2585.jpg,ORANGE TIP
Image_2586.jpg,ORANGE OAKLEAF
Image_2587.jpg,COMMON WOOD-NYMPH
Image_2588.jpg,PAINTED LADY
Image_2591.jpg,BLUE SPOTTED CROW
Image_2594.jpg,EASTERN COMA
Image_2596.jpg,CRIMSON PATCH
Image_2597.jpg,ORANGE TIP
Image_2599.jpg,SCARCE SWALLOW
Image_2600.jpg,INDRA SWALLOW
Image_2601.jpg,CLODIUS PARNASSIAN
Image_2602.jpg,BROWN SIPROETA
Image_2605.jpg,SCARCE SWALLOW
Image_2606.jpg,CHESTNUT
Image_2607.jpg,ATALA
Image_2610.jpg,GREAT EGGFLY
Image_2613.jpg,PIPEVINE SWALLOW
Image_2615.jpg,INDRA SWALLOW
Image_2617.jpg,AN 88
Image_2618.jpg,BLACK HAIRSTREAK
Image_2619.jpg,BROWN SIPROETA
Image_2622.jpg,SCARCE SWALLOW
Image_2625.jpg,AMERICAN SNOOT
Image_2627.jpg,MOURNING CLOAK
Image_2628.jpg,CABBAGE WHITE
Image_2632.jpg,RED ADMIRAL
Image_2634.jpg,CAIRNS BIRDWING
Image_2635.jpg,CABBAGE WHITE
Image_2636.jpg,INDRA SWALLOW
Image_2637.jpg,PIPEVINE SWALLOW
Image_2638.jpg,BECKERS WHITE
Image_2639.jpg,COMMON BANDED AWL
Image_2642.jpg,EASTERN DAPPLE WHITE
Image_2643.jpg,INDRA SWALLOW
Image_2644.jpg,CLEOPATRA
Image_2645.jpg,COPPER TAIL
Image_2646.jpg,SLEEPY ORANGE
Image_2647.jpg,RED CRACKER
Image_2648.jpg,TWO BARRED FLASHER
Image_2649.jpg,MILBERTS TORTOISESHELL
Image_2652.jpg,WOOD SATYR
Image_2653.jpg,MESTRA
Image_2655.jpg,ADONIS
Image_2656.jpg,CLODIUS PARNASSIAN
Image_2659.jpg,GREY HAIRSTREAK
Image_2661.jpg,PURPLISH COPPER
Image_2662.jpg,CLEOPATRA
Image_2663.jpg,BLUE SPOTTED CROW
Image_2664.jpg,EASTERN COMA
Image_2668.jpg,GREAT EGGFLY
Image_2670.jpg,EASTERN COMA
Image_2672.jpg,AMERICAN SNOOT
Image_2675.jpg,COMMON WOOD-NYMPH
Image_2676.jpg,MILBERTS TORTOISESHELL
Image_2677.jpg,AFRICAN GIANT SWALLOWTAIL
Image_2678.jpg,PEACOCK
Image_2679.jpg,PIPEVINE SWALLOW
Image_2681.jpg,PEACOCK
Image_2683.jpg,CRIMSON PATCH
Image_2685.jpg,BANDED PEACOCK
Image_2687.jpg,GREAT EGGFLY
Image_2692.jpg,COMMON BANDED AWL
Image_2693.jpg,RED ADMIRAL
Image_2694.jpg,ADONIS
Image_2695.jpg,CLEOPATRA
Image_2698.jpg,CLODIUS PARNASSIAN
Image_2699.jpg,MANGROVE SKIPPER
Image_2702.jpg,MALACHITE
Image_2703.jpg,MOURNING CLOAK
Image_2704.jpg,BANDED ORANGE HELICONIAN
Image_2705.jpg,SOUTHERN DOGFACE
Image_2706.jpg,MANGROVE SKIPPER
Image_2709.jpg,GREY HAIRSTREAK
Image_2710.jpg,CRECENT
Image_2714.jpg,BROWN SIPROETA
Image_2715.jpg,RED SPOTTED PURPLE
Image_2716.jpg,STRAITED QUEEN
Image_2719.jpg,CHECQUERED SKIPPER
Image_2720.jpg,ORANGE OAKLEAF
Image_2721.jpg,LARGE MARBLE
Image_2724.jpg,MOURNING CLOAK
Image_2725.jpg,SCARCE SWALLOW
Image_2737.jpg,BECKERS WHITE
Image_2738.jpg,SCARCE SWALLOW
Image_2741.jpg,VICEROY
Image_2744.jpg,SCARCE SWALLOW
Image_2747.jpg,YELLOW SWALLOW TAIL
Image_2748.jpg,MALACHITE
Image_2750.jpg,COPPER TAIL
Image_2752.jpg,IPHICLUS SISTER
Image_2753.jpg,MOURNING CLOAK
Image_2758.jpg,BLUE MORPHO
Image_2759.jpg,BLUE MORPHO
Image_2766.jpg,GREAT JAY
Image_2768.jpg,CLEOPATRA
Image_2770.jpg,CAIRNS BIRDWING
Image_2775.jpg,CHECQUERED SKIPPER
Image_2776.jpg,SCARCE SWALLOW
Image_2777.jpg,WOOD SATYR
Image_2779.jpg,EASTERN PINE ELFIN
Image_2781.jpg,APPOLLO
Image_2784.jpg,RED SPOTTED PURPLE
Image_2788.jpg,PAINTED LADY
Image_2789.jpg,ULYSES
Image_2793.jpg,PAINTED LADY
Image_2794.jpg,MILBERTS TORTOISESHELL
Image_2795.jpg,EASTERN PINE ELFIN
Image_2796.jpg,IPHICLUS SISTER
Image_2799.jpg,LARGE MARBLE
Image_2800.jpg,JULIA
Image_2802.jpg,LARGE MARBLE
Image_2804.jpg,QUESTION MARK
Image_2805.jpg,BECKERS WHITE
Image_2808.jpg,MESTRA
Image_2809.jpg,RED ADMIRAL
Image_2811.jpg,MESTRA
Image_2812.jpg,TROPICAL LEAFWING
Image_2813.jpg,IPHICLUS SISTER
Image_2814.jpg,ADONIS
Image_2815.jpg,MOURNING CLOAK
Image_2817.jpg,PAINTED LADY
Image_2820.jpg,AFRICAN GIANT SWALLOWTAIL
Image_2823.jpg,WOOD SATYR
Image_2824.jpg,MONARCH
Image_2825.jpg,GREAT JAY
Image_2827.jpg,CRECENT
Image_2828.jpg,BECKERS WHITE
Image_2833.jpg,SLEEPY ORANGE
Image_2836.jpg,CHECQUERED SKIPPER
Image_2838.jpg,GREAT JAY
Image_2842.jpg,PURPLE HAIRSTREAK
Image_2843.jpg,CHECQUERED SKIPPER
Image_2844.jpg,YELLOW SWALLOW TAIL
Image_2845.jpg,ELBOWED PIERROT
Image_2846.jpg,CHECQUERED SKIPPER
Image_2847.jpg,MESTRA
Image_2848.jpg,BLUE MORPHO
Image_2849.jpg,CLOUDED SULPHUR
Image_2850.jpg,EASTERN PINE ELFIN
Image_2855.jpg,BANDED ORANGE HELICONIAN
Image_2859.jpg,CABBAGE WHITE
Image_2862.jpg,ZEBRA LONG WING
Image_2863.jpg,AFRICAN GIANT SWALLOWTAIL
Image_2865.jpg,EASTERN PINE ELFIN
Image_2866.jpg,GOLD BANDED
Image_2867.jpg,PAPER KITE
Image_2868.jpg,GREEN CELLED CATTLEHEART
Image_2869.jpg,VICEROY
Image_2872.jpg,CHESTNUT
Image_2873.jpg,MOURNING CLOAK
Image_2874.jpg,ORANGE OAKLEAF
Image_2880.jpg,BROWN SIPROETA
Image_2882.jpg,ORANGE TIP
Image_2885.jpg,SOOTYWING
Image_2886.jpg,BANDED ORANGE HELICONIAN
Image_2887.jpg,RED CRACKER
Image_2888.jpg,CRECENT
Image_2889.jpg,GREEN CELLED CATTLEHEART
Image_2890.jpg,ATALA
Image_2892.jpg,PURPLISH COPPER
Image_2893.jpg,PURPLISH COPPER
Image_2897.jpg,MONARCH
Image_2911.jpg,GREEN CELLED CATTLEHEART
Image_2914.jpg,SCARCE SWALLOW
Image_2915.jpg,QUESTION MARK
Image_2916.jpg,APPOLLO
Image_2919.jpg,ORANGE TIP
Image_2921.jpg,SOOTYWING
Image_2922.jpg,QUESTION MARK
Image_2923.jpg,WOOD SATYR
Image_2925.jpg,PAPER KITE
Image_2928.jpg,PURPLISH COPPER
Image_2929.jpg,PIPEVINE SWALLOW
Image_2931.jpg,CAIRNS BIRDWING
Image_2932.jpg,DANAID EGGFLY
Image_2933.jpg,RED SPOTTED PURPLE
Image_2940.jpg,PAINTED LADY
Image_2942.jpg,QUESTION MARK
Image_2949.jpg,RED CRACKER
Image_2950.jpg,MALACHITE
Image_2952.jpg,JULIA
Image_2956.jpg,CRIMSON PATCH
Image_2957.jpg,EASTERN PINE ELFIN
Image_2958.jpg,PAINTED LADY
Image_2961.jpg,POPINJAY
Image_2963.jpg,ORCHARD SWALLOW
Image_2964.jpg,JULIA
Image_2965.jpg,CLOUDED SULPHUR
Image_2967.jpg,CAIRNS BIRDWING
Image_2969.jpg,RED CRACKER
Image_2970.jpg,JULIA
Image_2971.jpg,MANGROVE SKIPPER
Image_2973.jpg,TROPICAL LEAFWING
Image_2977.jpg,BLUE MORPHO
Image_2980.jpg,RED ADMIRAL
Image_2982.jpg,MANGROVE SKIPPER
Image_2983.jpg,APPOLLO
Image_2986.jpg,MONARCH
Image_2990.jpg,MONARCH
Image_2992.jpg,SOOTYWING
Image_2993.jpg,SOUTHERN DOGFACE
Image_2995.jpg,CABBAGE WHITE
Image_2997.jpg,POPINJAY
Image_2998.jpg,BLUE SPOTTED CROW
Image_2999.jpg,BANDED PEACOCK
Image_3009.jpg,ADONIS
Image_3011.jpg,POPINJAY
Image_3013.jpg,MANGROVE SKIPPER
Image_3017.jpg,MOURNING CLOAK
Image_3018.jpg,GREAT JAY
Image_3025.jpg,EASTERN COMA
Image_3027.jpg,STRAITED QUEEN
Image_3028.jpg,ORCHARD SWALLOW
Image_3030.jpg,WOOD SATYR
Image_3031.jpg,SOOTYWING
Image_3033.jpg,TROPICAL LEAFWING
Image_3035.jpg,MILBERTS TORTOISESHELL
Image_3037.jpg,GREY HAIRSTREAK
Image_3038.jpg,PEACOCK
Image_3040.jpg,GREY HAIRSTREAK
Image_3041.jpg,SOOTYWING
Image_3043.jpg,RED CRACKER
Image_3045.jpg,ELBOWED PIERROT
Image_3047.jpg,CLODIUS PARNASSIAN
Image_3049.jpg,CRIMSON PATCH
Image_3052.jpg,COMMON BANDED AWL
Image_3054.jpg,VICEROY
Image_3057.jpg,MONARCH
Image_3059.jpg,WOOD SATYR
Image_3061.jpg,EASTERN COMA
Image_3062.jpg,VICEROY
Image_3063.jpg,VICEROY
Image_3064.jpg,COMMON WOOD-NYMPH
Image_3065.jpg,PINE WHITE
Image_3066.jpg,COMMON BANDED AWL
Image_3067.jpg,CLEOPATRA
Image_3069.jpg,BLUE SPOTTED CROW
Image_3070.jpg,BECKERS WHITE
Image_3072.jpg,PAINTED LADY
Image_3079.jpg,BECKERS WHITE
Image_3082.jpg,CLOUDED SULPHUR
Image_3083.jpg,CAIRNS BIRDWING
Image_3084.jpg,SOUTHERN DOGFACE
Image_3086.jpg,RED ADMIRAL
Image_3087.jpg,MESTRA
Image_3088.jpg,PURPLISH COPPER
Image_3089.jpg,GREY HAIRSTREAK
Image_3093.jpg,TROPICAL LEAFWING
Image_3097.jpg,SLEEPY ORANGE
Image_3098.jpg,EASTERN DAPPLE WHITE
Image_3101.jpg,QUESTION MARK
Image_3103.jpg,PURPLISH COPPER
Image_3106.jpg,SILVER SPOT SKIPPER
Image_3109.jpg,TWO BARRED FLASHER
Image_3110.jpg,EASTERN PINE ELFIN
Image_3111.jpg,ORANGE OAKLEAF
Image_3112.jpg,PURPLISH COPPER
Image_3117.jpg,MOURNING CLOAK
Image_3118.jpg,ORCHARD SWALLOW
Image_3119.jpg,RED CRACKER
Image_3120.jpg,PURPLISH COPPER
Image_3121.jpg,RED SPOTTED PURPLE
Image_3123.jpg,CHESTNUT
Image_3124.jpg,GOLD BANDED
Image_3125.jpg,MOURNING CLOAK
Image_3126.jpg,SILVER SPOT SKIPPER
Image_3129.jpg,APPOLLO
Image_3130.jpg,PAPER KITE
Image_3132.jpg,PAPER KITE
Image_3137.jpg,ORANGE TIP
Image_3138.jpg,ORANGE OAKLEAF
Image_3139.jpg,SCARCE SWALLOW
Image_3141.jpg,ADONIS
Image_3142.jpg,PURPLISH COPPER
Image_3143.jpg,CABBAGE WHITE
Image_3144.jpg,STRAITED QUEEN
Image_3145.jpg,AMERICAN SNOOT
Image_3148.jpg,EASTERN DAPPLE WHITE
Image_3149.jpg,GREAT JAY
Image_3153.jpg,MILBERTS TORTOISESHELL
Image_3156.jpg,RED SPOTTED PURPLE
Image_3159.jpg,PEACOCK
Image_3160.jpg,STRAITED QUEEN
Image_3161.jpg,AFRICAN GIANT SWALLOWTAIL
Image_3166.jpg,BECKERS WHITE
Image_3168.jpg,SCARCE SWALLOW
Image_3171.jpg,AN 88
Image_3174.jpg,PAINTED LADY
Image_3175.jpg,BLACK HAIRSTREAK
Image_3176.jpg,AFRICAN GIANT SWALLOWTAIL
Image_3177.jpg,YELLOW SWALLOW TAIL
Image_3178.jpg,EASTERN PINE ELFIN
Image_3179.jpg,QUESTION MARK
Image_3180.jpg,PAPER KITE
Image_3181.jpg,MOURNING CLOAK
Image_3183.jpg,ATALA
Image_3188.jpg,CRECENT
Image_3189.jpg,PAPER KITE
Image_3191.jpg,RED ADMIRAL
Image_3192.jpg,CLODIUS PARNASSIAN
Image_3194.jpg,MOURNING CLOAK
Image_3196.jpg,WOOD SATYR
Image_3197.jpg,ORANGE TIP
Image_3198.jpg,EASTERN COMA
Image_3199.jpg,GREAT EGGFLY
Image_3200.jpg,ADONIS
Image_3201.jpg,QUESTION MARK
Image_3204.jpg,RED CRACKER
Image_3206.jpg,ORCHARD SWALLOW
Image_3207.jpg,CAIRNS BIRDWING
Image_3210.jpg,MALACHITE
Image_3219.jpg,ORANGE TIP
Image_3220.jpg,ATALA
Image_3223.jpg,TROPICAL LEAFWING
Image_3228.jpg,ADONIS
Image_3229.jpg,CHECQUERED SKIPPER
Image_3230.jpg,SLEEPY ORANGE
Image_3231.jpg,APPOLLO
Image_3232.jpg,ULYSES
Image_3233.jpg,PAPER KITE
Image_3235.jpg,VICEROY
Image_3239.jpg,EASTERN DAPPLE WHITE
Image_3241.jpg,GOLD BANDED
Image_3245.jpg,COMMON BANDED AWL
Image_3250.jpg,INDRA SWALLOW
Image_3254.jpg,CRIMSON PATCH
Image_3255.jpg,MONARCH
Image_3260.jpg,PINE WHITE
Image_3264.jpg,BROWN SIPROETA
Image_3265.jpg,COMMON BANDED AWL
Image_3266.jpg,CLOUDED SULPHUR
Image_3267.jpg,PAINTED LADY
Image_3268.jpg,RED CRACKER
Image_3270.jpg,RED SPOTTED PURPLE
Image_3272.jpg,APPOLLO
Image_3276.jpg,ADONIS
Image_3279.jpg,IPHICLUS SISTER
Image_3281.jpg,COMMON WOOD-NYMPH
Image_3282.jpg,GREY HAIRSTREAK
Image_3284.jpg,MONARCH
Image_3285.jpg,SLEEPY ORANGE
Image_3286.jpg,ORANGE TIP
Image_3288.jpg,CHECQUERED SKIPPER
Image_3289.jpg,APPOLLO
Image_3290.jpg,CABBAGE WHITE
Image_3291.jpg,AN 88
Image_3294.jpg,JULIA
Image_3296.jpg,ZEBRA LONG WING
Image_3297.jpg,BANDED PEACOCK
Image_3298.jpg,IPHICLUS SISTER
Image_3299.jpg,ATALA
Image_3301.jpg,AFRICAN GIANT SWALLOWTAIL
Image_3304.jpg,SOUTHERN DOGFACE
Image_3305.jpg,CABBAGE WHITE
Image_3308.jpg,COPPER TAIL
Image_3309.jpg,PAPER KITE
Image_3311.jpg,ULYSES
Image_3313.jpg,CABBAGE WHITE
Image_3319.jpg,INDRA SWALLOW
Image_3320.jpg,COPPER TAIL
Image_3321.jpg,MONARCH
Image_3324.jpg,EASTERN PINE ELFIN
Image_3325.jpg,CHECQUERED SKIPPER
Image_3326.jpg,PAPER KITE
Image_3327.jpg,PIPEVINE SWALLOW
Image_3329.jpg,STRAITED QUEEN
Image_3331.jpg,PAINTED LADY
Image_3338.jpg,RED POSTMAN
Image_3339.jpg,MESTRA
Image_3343.jpg,TWO BARRED FLASHER
Image_3345.jpg,BANDED ORANGE HELICONIAN
Image_3349.jpg,APPOLLO
Image_3350.jpg,ORANGE OAKLEAF
Image_3351.jpg,IPHICLUS SISTER
Image_3352.jpg,BANDED PEACOCK
Image_3356.jpg,LARGE MARBLE
Image_3357.jpg,PEACOCK
Image_3358.jpg,BLUE MORPHO
Image_3359.jpg,DANAID EGGFLY
Image_3360.jpg,BROWN SIPROETA
Image_3367.jpg,AFRICAN GIANT SWALLOWTAIL
Image_3368.jpg,COPPER TAIL
Image_3374.jpg,RED POSTMAN
Image_3376.jpg,MOURNING CLOAK
Image_3378.jpg,COPPER TAIL
Image_3379.jpg,SLEEPY ORANGE
Image_3380.jpg,MANGROVE SKIPPER
Image_3383.jpg,YELLOW SWALLOW TAIL
Image_3384.jpg,VICEROY
Image_3385.jpg,CRECENT
Image_3386.jpg,IPHICLUS SISTER
Image_3388.jpg,BLUE SPOTTED CROW
Image_3389.jpg,CHECQUERED SKIPPER
Image_3390.jpg,TWO BARRED FLASHER
Image_3393.jpg,PIPEVINE SWALLOW
Image_3394.jpg,SOOTYWING
Image_3398.jpg,YELLOW SWALLOW TAIL
Image_3400.jpg,BANDED ORANGE HELICONIAN
Image_3402.jpg,GREY HAIRSTREAK
Image_3404.jpg,PINE WHITE
Image_3407.jpg,GOLD BANDED
Image_3409.jpg,RED ADMIRAL
Image_3410.jpg,MOURNING CLOAK
Image_3413.jpg,RED ADMIRAL
Image_3416.jpg,MILBERTS TORTOISESHELL
Image_3417.jpg,PURPLISH COPPER
Image_3418.jpg,ELBOWED PIERROT
Image_3422.jpg,SOUTHERN DOGFACE
Image_3424.jpg,MOURNING CLOAK
Image_3425.jpg,IPHICLUS SISTER
Image_3427.jpg,PINE WHITE
Image_3428.jpg,PURPLISH COPPER
Image_3429.jpg,BANDED PEACOCK
Image_3430.jpg,BLUE SPOTTED CROW
Image_3434.jpg,GREY HAIRSTREAK
Image_3439.jpg,JULIA
Image_3440.jpg,ATALA
Image_3441.jpg,JULIA
Image_3443.jpg,BLUE SPOTTED CROW
Image_3444.jpg,AFRICAN GIANT SWALLOWTAIL
Image_3445.jpg,PAPER KITE
Image_3448.jpg,ATALA
Image_3449.jpg,JULIA
Image_3450.jpg,PURPLISH COPPER
Image_3453.jpg,COMMON BANDED AWL
Image_3457.jpg,ATALA
Image_3459.jpg,CAIRNS BIRDWING
Image_3462.jpg,SOOTYWING
Image_3464.jpg,GREAT JAY
Image_3466.jpg,BANDED ORANGE HELICONIAN
Image_3468.jpg,CABBAGE WHITE
Image_3470.jpg,TROPICAL LEAFWING
Image_3471.jpg,ULYSES
Image_3473.jpg,GREY HAIRSTREAK
Image_3476.jpg,STRAITED QUEEN
Image_3477.jpg,ELBOWED PIERROT
Image_3478.jpg,PINE WHITE
Image_3479.jpg,CHECQUERED SKIPPER
Image_3480.jpg,CHESTNUT
Image_3483.jpg,BLACK HAIRSTREAK
Image_3486.jpg,CLODIUS PARNASSIAN
Image_3487.jpg,PINE WHITE
Image_3490.jpg,BANDED PEACOCK
Image_3491.jpg,TROPICAL LEAFWING
Image_3493.jpg,CRECENT
Image_3499.jpg,DANAID EGGFLY
Image_3500.jpg,EASTERN PINE ELFIN
Image_3501.jpg,EASTERN COMA
Image_3504.jpg,MONARCH
Image_3507.jpg,ULYSES
Image_3508.jpg,DANAID EGGFLY
Image_3510.jpg,RED CRACKER
Image_3511.jpg,METALMARK
Image_3513.jpg,CRECENT
Image_3514.jpg,MILBERTS TORTOISESHELL
Image_3515.jpg,APPOLLO
Image_3517.jpg,POPINJAY
Image_3518.jpg,STRAITED QUEEN
Image_3522.jpg,AMERICAN SNOOT
Image_3524.jpg,BANDED PEACOCK
Image_3525.jpg,CRECENT
Image_3526.jpg,EASTERN DAPPLE WHITE
Image_3527.jpg,QUESTION MARK
Image_3528.jpg,RED POSTMAN
Image_3529.jpg,PURPLE HAIRSTREAK
Image_3530.jpg,CABBAGE WHITE
Image_3532.jpg,ORANGE OAKLEAF
Image_3533.jpg,EASTERN PINE ELFIN
Image_3534.jpg,RED CRACKER
Image_3538.jpg,AFRICAN GIANT SWALLOWTAIL
Image_3540.jpg,COMMON WOOD-NYMPH
Image_3541.jpg,PURPLISH COPPER
Image_3543.jpg,ORANGE OAKLEAF
Image_3546.jpg,CLEOPATRA
Image_3549.jpg,BANDED ORANGE HELICONIAN
Image_3552.jpg,RED CRACKER
Image_3553.jpg,ADONIS
Image_3555.jpg,PINE WHITE
Image_3556.jpg,QUESTION MARK
Image_3557.jpg,CABBAGE WHITE
Image_3558.jpg,SOUTHERN DOGFACE
Image_3560.jpg,MONARCH
Image_3561.jpg,AN 88
Image_3562.jpg,ORANGE TIP
Image_3563.jpg,COMMON WOOD-NYMPH
Image_3566.jpg,RED CRACKER
Image_3567.jpg,JULIA
Image_3569.jpg,STRAITED QUEEN
Image_3571.jpg,GREY HAIRSTREAK
Image_3572.jpg,BLUE SPOTTED CROW
Image_3573.jpg,PURPLE HAIRSTREAK
Image_3575.jpg,IPHICLUS SISTER
Image_3578.jpg,ORANGE TIP
Image_3579.jpg,BLUE MORPHO
Image_3583.jpg,BLUE MORPHO
Image_3584.jpg,SCARCE SWALLOW
Image_3590.jpg,BLACK HAIRSTREAK
Image_3592.jpg,CRECENT
Image_3594.jpg,VICEROY
Image_3595.jpg,VICEROY
Image_3598.jpg,GREAT JAY
Image_3599.jpg,PEACOCK
Image_3603.jpg,CHECQUERED SKIPPER
Image_3608.jpg,PAPER KITE
Image_3611.jpg,SLEEPY ORANGE
Image_3612.jpg,MONARCH
Image_3613.jpg,SOUTHERN DOGFACE
Image_3614.jpg,DANAID EGGFLY
Image_3616.jpg,STRAITED QUEEN
Image_3622.jpg,MONARCH
Image_3624.jpg,BANDED PEACOCK
Image_3626.jpg,PIPEVINE SWALLOW
Image_3627.jpg,GOLD BANDED
Image_3628.jpg,GREAT EGGFLY
Image_3630.jpg,TROPICAL LEAFWING
Image_3631.jpg,RED SPOTTED PURPLE
Image_3633.jpg,CLEOPATRA
Image_3634.jpg,IPHICLUS SISTER
Image_3638.jpg,BECKERS WHITE
Image_3641.jpg,BLUE MORPHO
Image_3642.jpg,GREEN CELLED CATTLEHEART
Image_3643.jpg,WOOD SATYR
Image_3644.jpg,LARGE MARBLE
Image_3645.jpg,YELLOW SWALLOW TAIL
Image_3646.jpg,COPPER TAIL
Image_3647.jpg,GOLD BANDED
Image_3648.jpg,IPHICLUS SISTER
Image_3650.jpg,COPPER TAIL
Image_3652.jpg,EASTERN DAPPLE WHITE
Image_3653.jpg,QUESTION MARK
Image_3655.jpg,STRAITED QUEEN
Image_3664.jpg,BLUE MORPHO
Image_3668.jpg,INDRA SWALLOW
Image_3669.jpg,ORCHARD SWALLOW
Image_3671.jpg,CHECQUERED SKIPPER
Image_3672.jpg,GOLD BANDED
Image_3674.jpg,CRECENT
Image_3682.jpg,AMERICAN SNOOT
Image_3683.jpg,PURPLE HAIRSTREAK
Image_3689.jpg,SOOTYWING
Image_3690.jpg,ORANGE TIP
Image_3694.jpg,YELLOW SWALLOW TAIL
Image_3695.jpg,CHESTNUT
Image_3696.jpg,TWO BARRED FLASHER
Image_3698.jpg,DANAID EGGFLY
Image_3699.jpg,SILVER SPOT SKIPPER
Image_3700.jpg,CHECQUERED SKIPPER
Image_3701.jpg,TROPICAL LEAFWING
Image_3702.jpg,MANGROVE SKIPPER
Image_3703.jpg,ULYSES
Image_3704.jpg,PAPER KITE
Image_3706.jpg,BLACK HAIRSTREAK
Image_3712.jpg,MONARCH
Image_3716.jpg,INDRA SWALLOW
Image_3717.jpg,RED POSTMAN
Image_3719.jpg,CABBAGE WHITE
Image_3720.jpg,BANDED ORANGE HELICONIAN
Image_3723.jpg,CRECENT
Image_3726.jpg,ORCHARD SWALLOW
Image_3727.jpg,RED CRACKER
Image_3728.jpg,BECKERS WHITE
Image_3732.jpg,CHESTNUT
Image_3734.jpg,MOURNING CLOAK
Image_3735.jpg,CHECQUERED SKIPPER
Image_3736.jpg,ORANGE OAKLEAF
Image_3739.jpg,CLOUDED SULPHUR
Image_3742.jpg,JULIA
Image_3743.jpg,COMMON BANDED AWL
Image_3745.jpg,BLUE MORPHO
Image_3747.jpg,PEACOCK
Image_3749.jpg,GOLD BANDED
Image_3750.jpg,AFRICAN GIANT SWALLOWTAIL
Image_3755.jpg,JULIA
Image_3756.jpg,EASTERN PINE ELFIN
Image_3757.jpg,GREEN CELLED CATTLEHEART
Image_3758.jpg,SILVER SPOT SKIPPER
Image_3765.jpg,EASTERN PINE ELFIN
Image_3767.jpg,CRECENT
Image_3768.jpg,RED POSTMAN
Image_3769.jpg,CHESTNUT
Image_3771.jpg,PEACOCK
Image_3772.jpg,RED ADMIRAL
Image_3773.jpg,CLEOPATRA
Image_3775.jpg,RED POSTMAN
Image_3779.jpg,PINE WHITE
Image_3781.jpg,GREY HAIRSTREAK
Image_3782.jpg,BECKERS WHITE
Image_3784.jpg,ADONIS
Image_3785.jpg,SCARCE SWALLOW
Image_3786.jpg,TWO BARRED FLASHER
Image_3788.jpg,BROWN SIPROETA
Image_3790.jpg,EASTERN COMA
Image_3791.jpg,CABBAGE WHITE
Image_3793.jpg,SCARCE SWALLOW
Image_3794.jpg,VICEROY
Image_3798.jpg,PEACOCK
Image_3803.jpg,CLEOPATRA
Image_3805.jpg,BLACK HAIRSTREAK
Image_3807.jpg,RED SPOTTED PURPLE
Image_3810.jpg,GREAT EGGFLY
Image_3812.jpg,GREY HAIRSTREAK
Image_3813.jpg,SILVER SPOT SKIPPER
Image_3816.jpg,TROPICAL LEAFWING
Image_3820.jpg,GREAT JAY
Image_3821.jpg,ZEBRA LONG WING
Image_3824.jpg,CHESTNUT
Image_3825.jpg,RED CRACKER
Image_3827.jpg,COMMON WOOD-NYMPH
Image_3828.jpg,CAIRNS BIRDWING
Image_3829.jpg,ADONIS
Image_3831.jpg,MANGROVE SKIPPER
Image_3834.jpg,TWO BARRED FLASHER
Image_3838.jpg,MOURNING CLOAK
Image_3839.jpg,PAPER KITE
Image_3842.jpg,CRECENT
Image_3844.jpg,CABBAGE WHITE
Image_3845.jpg,CLODIUS PARNASSIAN
Image_3847.jpg,IPHICLUS SISTER
Image_3848.jpg,SCARCE SWALLOW
Image_3851.jpg,CRIMSON PATCH
Image_3853.jpg,PAINTED LADY
Image_3854.jpg,CRECENT
Image_3856.jpg,GOLD BANDED
Image_3857.jpg,IPHICLUS SISTER
Image_3859.jpg,GREAT JAY
Image_3861.jpg,SOUTHERN DOGFACE
Image_3862.jpg,ORANGE TIP
Image_3864.jpg,COMMON BANDED AWL
Image_3867.jpg,POPINJAY
Image_3868.jpg,MANGROVE SKIPPER
Image_3869.jpg,SOOTYWING
Image_3870.jpg,COMMON BANDED AWL
Image_3871.jpg,RED ADMIRAL
Image_3872.jpg,CLEOPATRA
Image_3873.jpg,VICEROY
Image_3874.jpg,PIPEVINE SWALLOW
Image_3876.jpg,PURPLISH COPPER
Image_3877.jpg,WOOD SATYR
Image_3879.jpg,CRECENT
Image_3880.jpg,CRECENT
Image_3881.jpg,BANDED ORANGE HELICONIAN
Image_3882.jpg,GREEN CELLED CATTLEHEART
Image_3883.jpg,PURPLE HAIRSTREAK
Image_3884.jpg,CLODIUS PARNASSIAN
Image_3885.jpg,YELLOW SWALLOW TAIL
Image_3889.jpg,EASTERN PINE ELFIN
Image_3890.jpg,SOOTYWING
Image_3893.jpg,EASTERN PINE ELFIN
Image_3895.jpg,POPINJAY
Image_3896.jpg,PIPEVINE SWALLOW
Image_3897.jpg,CLOUDED SULPHUR
Image_3898.jpg,CLODIUS PARNASSIAN
Image_3899.jpg,PEACOCK
Image_3900.jpg,COMMON WOOD-NYMPH
Image_3902.jpg,PAPER KITE
Image_3903.jpg,SCARCE SWALLOW
Image_3905.jpg,CRECENT
Image_3907.jpg,DANAID EGGFLY
Image_3909.jpg,BROWN SIPROETA
Image_3911.jpg,CABBAGE WHITE
Image_3916.jpg,GREEN CELLED CATTLEHEART
Image_3917.jpg,BANDED PEACOCK
Image_3919.jpg,EASTERN PINE ELFIN
Image_3921.jpg,BANDED ORANGE HELICONIAN
Image_3923.jpg,MONARCH
Image_3927.jpg,RED SPOTTED PURPLE
Image_3930.jpg,PEACOCK
Image_3931.jpg,MANGROVE SKIPPER
Image_3933.jpg,ULYSES
Image_3934.jpg,VICEROY
Image_3936.jpg,APPOLLO
Image_3938.jpg,RED POSTMAN
Image_3939.jpg,POPINJAY
Image_3940.jpg,EASTERN COMA
Image_3941.jpg,TWO BARRED FLASHER
Image_3942.jpg,TROPICAL LEAFWING
Image_3946.jpg,CLEOPATRA
Image_3948.jpg,MILBERTS TORTOISESHELL
Image_3949.jpg,CLODIUS PARNASSIAN
Image_3951.jpg,CLEOPATRA
Image_3952.jpg,BROWN SIPROETA
Image_3953.jpg,RED CRACKER
Image_3955.jpg,ULYSES
Image_3957.jpg,EASTERN DAPPLE WHITE
Image_3961.jpg,CLOUDED SULPHUR
Image_3964.jpg,RED CRACKER
Image_3965.jpg,LARGE MARBLE
Image_3966.jpg,MILBERTS TORTOISESHELL
Image_3967.jpg,EASTERN COMA
Image_3968.jpg,GOLD BANDED
Image_3969.jpg,MANGROVE SKIPPER
Image_3971.jpg,MALACHITE
Image_3973.jpg,SLEEPY ORANGE
Image_3978.jpg,RED POSTMAN
Image_3983.jpg,CHESTNUT
Image_3984.jpg,SLEEPY ORANGE
Image_3987.jpg,GREAT EGGFLY
Image_3988.jpg,AMERICAN SNOOT
Image_3991.jpg,ORCHARD SWALLOW
Image_3992.jpg,AMERICAN SNOOT
Image_3998.jpg,BANDED ORANGE HELICONIAN
Image_3999.jpg,SLEEPY ORANGE
Image_4000.jpg,GREAT JAY
Image_4015.jpg,CABBAGE WHITE
Image_4016.jpg,APPOLLO
Image_4017.jpg,GREAT JAY
Image_4020.jpg,MANGROVE SKIPPER
Image_4021.jpg,BLUE SPOTTED CROW
Image_4022.jpg,ULYSES
Image_4023.jpg,GREY HAIRSTREAK
Image_4025.jpg,PEACOCK
Image_4026.jpg,COPPER TAIL
Image_4028.jpg,PAPER KITE
Image_4032.jpg,BROWN SIPROETA
Image_4034.jpg,BLUE MORPHO
Image_4035.jpg,BLACK HAIRSTREAK
Image_4037.jpg,POPINJAY
Image_4039.jpg,EASTERN PINE ELFIN
Image_4040.jpg,SLEEPY ORANGE
Image_4041.jpg,MOURNING CLOAK
Image_4042.jpg,CRECENT
Image_4046.jpg,BROWN SIPROETA
Image_4047.jpg,COMMON WOOD-NYMPH
Image_4048.jpg,EASTERN DAPPLE WHITE
Image_4049.jpg,ULYSES
Image_4052.jpg,MALACHITE
Image_4053.jpg,CRIMSON PATCH
Image_4054.jpg,ORANGE TIP
Image_4055.jpg,CLEOPATRA
Image_4056.jpg,EASTERN DAPPLE WHITE
Image_4057.jpg,VICEROY
Image_4058.jpg,ATALA
Image_4059.jpg,EASTERN PINE ELFIN
Image_4060.jpg,MOURNING CLOAK
Image_4067.jpg,CLOUDED SULPHUR
Image_4068.jpg,SILVER SPOT SKIPPER
Image_4069.jpg,AMERICAN SNOOT
Image_4074.jpg,TROPICAL LEAFWING
Image_4075.jpg,PURPLE HAIRSTREAK
Image_4077.jpg,TROPICAL LEAFWING
Image_4079.jpg,RED ADMIRAL
Image_4080.jpg,ORANGE TIP
Image_4082.jpg,CRIMSON PATCH
Image_4084.jpg,SCARCE SWALLOW
Image_4086.jpg,AFRICAN GIANT SWALLOWTAIL
Image_4087.jpg,TROPICAL LEAFWING
Image_4089.jpg,EASTERN PINE ELFIN
Image_4091.jpg,ELBOWED PIERROT
Image_4094.jpg,CLEOPATRA
Image_4098.jpg,PURPLISH COPPER
Image_4100.jpg,BECKERS WHITE
Image_4103.jpg,COMMON BANDED AWL
Image_4109.jpg,COMMON WOOD-NYMPH
Image_4111.jpg,SCARCE SWALLOW
Image_4112.jpg,SILVER SPOT SKIPPER
Image_4113.jpg,WOOD SATYR
Image_4114.jpg,QUESTION MARK
Image_4115.jpg,ATALA
Image_4117.jpg,ADONIS
Image_4119.jpg,WOOD SATYR
Image_4120.jpg,CLODIUS PARNASSIAN
Image_4123.jpg,ADONIS
Image_4124.jpg,PAPER KITE
Image_4125.jpg,TROPICAL LEAFWING
Image_4127.jpg,COPPER TAIL
Image_4128.jpg,APPOLLO
Image_4130.jpg,STRAITED QUEEN
Image_4132.jpg,COPPER TAIL
Image_4137.jpg,RED POSTMAN
Image_4138.jpg,CHESTNUT
Image_4141.jpg,PINE WHITE
Image_4142.jpg,RED ADMIRAL
Image_4144.jpg,YELLOW SWALLOW TAIL
Image_4145.jpg,GREY HAIRSTREAK
Image_4146.jpg,SILVER SPOT SKIPPER
Image_4147.jpg,PAPER KITE
Image_4149.jpg,RED ADMIRAL
Image_4151.jpg,ORANGE TIP
Image_4153.jpg,POPINJAY
Image_4154.jpg,PEACOCK
Image_4161.jpg,BANDED ORANGE HELICONIAN
Image_4162.jpg,CLEOPATRA
Image_4163.jpg,GREAT JAY
Image_4166.jpg,ATALA
Image_4167.jpg,CRECENT
Image_4168.jpg,RED ADMIRAL
Image_4169.jpg,BANDED PEACOCK
Image_4170.jpg,MANGROVE SKIPPER
Image_4171.jpg,PIPEVINE SWALLOW
Image_4172.jpg,ZEBRA LONG WING
Image_4175.jpg,GOLD BANDED
Image_4178.jpg,BECKERS WHITE
Image_4180.jpg,CAIRNS BIRDWING
Image_4183.jpg,EASTERN PINE ELFIN
Image_4184.jpg,MONARCH
Image_4185.jpg,GREEN CELLED CATTLEHEART
Image_4187.jpg,GREAT EGGFLY
Image_4189.jpg,COPPER TAIL
Image_4190.jpg,ULYSES
Image_4191.jpg,ELBOWED PIERROT
Image_4193.jpg,GREAT JAY
Image_4194.jpg,CAIRNS BIRDWING
Image_4195.jpg,RED SPOTTED PURPLE
Image_4196.jpg,AMERICAN SNOOT
Image_4197.jpg,LARGE MARBLE
Image_4200.jpg,SILVER SPOT SKIPPER
Image_4202.jpg,PEACOCK
Image_4203.jpg,CAIRNS BIRDWING
Image_4206.jpg,EASTERN PINE ELFIN
Image_4207.jpg,SILVER SPOT SKIPPER
Image_4211.jpg,RED POSTMAN
Image_4213.jpg,MANGROVE SKIPPER
Image_4218.jpg,CABBAGE WHITE
Image_4221.jpg,PAPER KITE
Image_4222.jpg,TROPICAL LEAFWING
Image_4225.jpg,RED CRACKER
Image_4226.jpg,BLUE MORPHO
Image_4228.jpg,PAPER KITE
Image_4229.jpg,BLUE SPOTTED CROW
Image_4230.jpg,MONARCH
Image_4233.jpg,SLEEPY ORANGE
Image_4236.jpg,DANAID EGGFLY
Image_4238.jpg,ATALA
Image_4241.jpg,RED POSTMAN
Image_4242.jpg,CHESTNUT
Image_4243.jpg,APPOLLO
Image_4246.jpg,CLODIUS PARNASSIAN
Image_4247.jpg,ADONIS
Image_4248.jpg,VICEROY
Image_4250.jpg,JULIA
Image_4252.jpg,CRECENT
Image_4254.jpg,PINE WHITE
Image_4255.jpg,BANDED PEACOCK
Image_4257.jpg,RED SPOTTED PURPLE
Image_4263.jpg,BANDED ORANGE HELICONIAN
Image_4273.jpg,TROPICAL LEAFWING
Image_4274.jpg,TWO BARRED FLASHER
Image_4275.jpg,PAPER KITE
Image_4277.jpg,GREAT JAY
Image_4278.jpg,ATALA
Image_4279.jpg,RED POSTMAN
Image_4280.jpg,GREAT EGGFLY
Image_4281.jpg,DANAID EGGFLY
Image_4284.jpg,TROPICAL LEAFWING
Image_4286.jpg,AMERICAN SNOOT
Image_4288.jpg,MILBERTS TORTOISESHELL
Image_4289.jpg,RED SPOTTED PURPLE
Image_4290.jpg,GOLD BANDED
Image_4291.jpg,BROWN SIPROETA
Image_4293.jpg,ADONIS
Image_4294.jpg,ORCHARD SWALLOW
Image_4297.jpg,MANGROVE SKIPPER
Image_4303.jpg,MOURNING CLOAK
Image_4306.jpg,RED SPOTTED PURPLE
Image_4308.jpg,RED SPOTTED PURPLE
Image_4309.jpg,VICEROY
Image_4311.jpg,PAINTED LADY
Image_4312.jpg,MALACHITE
Image_4315.jpg,YELLOW SWALLOW TAIL
Image_4316.jpg,WOOD SATYR
Image_4324.jpg,POPINJAY
Image_4325.jpg,POPINJAY
Image_4326.jpg,PIPEVINE SWALLOW
Image_4327.jpg,SCARCE SWALLOW
Image_4329.jpg,ORANGE TIP
Image_4332.jpg,BLUE SPOTTED CROW
Image_4333.jpg,ORCHARD SWALLOW
Image_4334.jpg,PEACOCK
Image_4335.jpg,MOURNING CLOAK
Image_4338.jpg,BLUE MORPHO
Image_4339.jpg,ADONIS
Image_4340.jpg,MONARCH
Image_4341.jpg,PINE WHITE
Image_4342.jpg,GREEN CELLED CATTLEHEART
Image_4343.jpg,CLOUDED SULPHUR
Image_4348.jpg,STRAITED QUEEN
Image_4349.jpg,TROPICAL LEAFWING
Image_4350.jpg,CAIRNS BIRDWING
Image_4352.jpg,IPHICLUS SISTER
Image_4354.jpg,PAPER KITE
Image_4355.jpg,SLEEPY ORANGE
Image_4356.jpg,EASTERN COMA
Image_4357.jpg,BLUE SPOTTED CROW
Image_4358.jpg,CLOUDED SULPHUR
Image_4359.jpg,CLEOPATRA
Image_4360.jpg,CHESTNUT
Image_4361.jpg,MOURNING CLOAK
Image_4363.jpg,GREY HAIRSTREAK
Image_4365.jpg,QUESTION MARK
Image_4367.jpg,PAINTED LADY
Image_4368.jpg,BROWN SIPROETA
Image_4369.jpg,CAIRNS BIRDWING
Image_4371.jpg,RED SPOTTED PURPLE
Image_4374.jpg,BROWN SIPROETA
Image_4375.jpg,CHECQUERED SKIPPER
Image_4376.jpg,CLEOPATRA
Image_4378.jpg,CABBAGE WHITE
Image_4379.jpg,MANGROVE SKIPPER
Image_4380.jpg,GREEN CELLED CATTLEHEART
Image_4381.jpg,VICEROY
Image_4383.jpg,SLEEPY ORANGE
Image_4384.jpg,MONARCH
Image_4385.jpg,PIPEVINE SWALLOW
Image_4390.jpg,CRECENT
Image_4392.jpg,EASTERN PINE ELFIN
Image_4395.jpg,ATALA
Image_4396.jpg,MILBERTS TORTOISESHELL
Image_4397.jpg,IPHICLUS SISTER
Image_4398.jpg,PEACOCK
Image_4399.jpg,STRAITED QUEEN
Image_4401.jpg,BLUE MORPHO
Image_4402.jpg,SOOTYWING
Image_4407.jpg,VICEROY
Image_4411.jpg,CHECQUERED SKIPPER
Image_4415.jpg,ORANGE OAKLEAF
Image_4416.jpg,JULIA
Image_4417.jpg,PIPEVINE SWALLOW
Image_4421.jpg,COMMON WOOD-NYMPH
Image_4422.jpg,GREEN CELLED CATTLEHEART
Image_4424.jpg,STRAITED QUEEN
Image_4426.jpg,CLOUDED SULPHUR
Image_4427.jpg,VICEROY
Image_4428.jpg,PINE WHITE
Image_4432.jpg,MALACHITE
Image_4434.jpg,ATALA
Image_4436.jpg,PURPLE HAIRSTREAK
Image_4437.jpg,RED POSTMAN
Image_4439.jpg,CRECENT
Image_4441.jpg,ATALA
Image_4446.jpg,EASTERN COMA
Image_4447.jpg,BROWN SIPROETA
Image_4448.jpg,IPHICLUS SISTER
Image_4449.jpg,BROWN SIPROETA
Image_4450.jpg,JULIA
Image_4451.jpg,VICEROY
Image_4455.jpg,GREAT EGGFLY
Image_4458.jpg,BLUE MORPHO
Image_4461.jpg,ULYSES
Image_4462.jpg,MESTRA
Image_4465.jpg,DANAID EGGFLY
Image_4469.jpg,MILBERTS TORTOISESHELL
Image_4470.jpg,COMMON BANDED AWL
Image_4473.jpg,INDRA SWALLOW
Image_4475.jpg,ORANGE TIP
Image_4478.jpg,BLACK HAIRSTREAK
Image_4480.jpg,BECKERS WHITE
Image_4481.jpg,EASTERN DAPPLE WHITE
Image_4482.jpg,IPHICLUS SISTER
Image_4489.jpg,TWO BARRED FLASHER
Image_4492.jpg,INDRA SWALLOW
Image_4497.jpg,IPHICLUS SISTER
Image_4499.jpg,BANDED PEACOCK
Image_4501.jpg,RED CRACKER
Image_4504.jpg,TROPICAL LEAFWING
Image_4505.jpg,CLEOPATRA
Image_4508.jpg,GREAT EGGFLY
Image_4509.jpg,RED SPOTTED PURPLE
Image_4510.jpg,APPOLLO
Image_4511.jpg,QUESTION MARK
Image_4512.jpg,COMMON BANDED AWL
Image_4513.jpg,SCARCE SWALLOW
Image_4514.jpg,BLUE MORPHO
Image_4515.jpg,MESTRA
Image_4520.jpg,VICEROY
Image_4522.jpg,METALMARK
Image_4524.jpg,BROWN SIPROETA
Image_4525.jpg,WOOD SATYR
Image_4526.jpg,METALMARK
Image_4529.jpg,ORANGE OAKLEAF
Image_4530.jpg,PIPEVINE SWALLOW
Image_4535.jpg,WOOD SATYR
Image_4536.jpg,BLACK HAIRSTREAK
Image_4538.jpg,CHECQUERED SKIPPER
Image_4543.jpg,ORCHARD SWALLOW
Image_4547.jpg,GREEN CELLED CATTLEHEART
Image_4550.jpg,CRECENT
Image_4553.jpg,CRECENT
Image_4554.jpg,CHECQUERED SKIPPER
Image_4556.jpg,CLODIUS PARNASSIAN
Image_4557.jpg,PEACOCK
Image_4565.jpg,AFRICAN GIANT SWALLOWTAIL
Image_4567.jpg,YELLOW SWALLOW TAIL
Image_4568.jpg,YELLOW SWALLOW TAIL
Image_4569.jpg,ADONIS
Image_4570.jpg,PINE WHITE
Image_4571.jpg,RED ADMIRAL
Image_4572.jpg,SOUTHERN DOGFACE
Image_4573.jpg,SCARCE SWALLOW
Image_4579.jpg,PAPER KITE
Image_4580.jpg,ORCHARD SWALLOW
Image_4581.jpg,GOLD BANDED
Image_4582.jpg,GREY HAIRSTREAK
Image_4584.jpg,ULYSES
Image_4585.jpg,ORANGE OAKLEAF
Image_4589.jpg,PAINTED LADY
Image_4590.jpg,BANDED PEACOCK
Image_4595.jpg,SOUTHERN DOGFACE
Image_4596.jpg,GREEN CELLED CATTLEHEART
Image_4600.jpg,BLACK HAIRSTREAK
Image_4604.jpg,JULIA
Image_4605.jpg,SILVER SPOT SKIPPER
Image_4606.jpg,ATALA
Image_4608.jpg,AFRICAN GIANT SWALLOWTAIL
Image_4610.jpg,SILVER SPOT SKIPPER
Image_4611.jpg,COMMON WOOD-NYMPH
Image_4612.jpg,SCARCE SWALLOW
Image_4613.jpg,METALMARK
Image_4615.jpg,CLODIUS PARNASSIAN
Image_4617.jpg,MANGROVE SKIPPER
Image_4618.jpg,CHECQUERED SKIPPER
Image_4619.jpg,LARGE MARBLE
Image_4623.jpg,PIPEVINE SWALLOW
Image_4624.jpg,COMMON WOOD-NYMPH
Image_4627.jpg,IPHICLUS SISTER
Image_4629.jpg,BROWN SIPROETA
Image_4630.jpg,CLODIUS PARNASSIAN
Image_4632.jpg,STRAITED QUEEN
Image_4634.jpg,MALACHITE
Image_4639.jpg,GREY HAIRSTREAK
Image_4640.jpg,POPINJAY
Image_4642.jpg,MALACHITE
Image_4644.jpg,PAPER KITE
Image_4648.jpg,BLUE MORPHO
Image_4652.jpg,STRAITED QUEEN
Image_4653.jpg,GREEN CELLED CATTLEHEART
Image_4655.jpg,COPPER TAIL
Image_4658.jpg,EASTERN PINE ELFIN
Image_4659.jpg,CLEOPATRA
Image_4661.jpg,COMMON BANDED AWL
Image_4663.jpg,PEACOCK
Image_4664.jpg,ZEBRA LONG WING
Image_4665.jpg,STRAITED QUEEN
Image_4666.jpg,PURPLISH COPPER
Image_4673.jpg,CLOUDED SULPHUR
Image_4674.jpg,MOURNING CLOAK
Image_4677.jpg,CLOUDED SULPHUR
Image_4679.jpg,BANDED ORANGE HELICONIAN
Image_4682.jpg,EASTERN COMA
Image_4684.jpg,BECKERS WHITE
Image_4685.jpg,MESTRA
Image_4686.jpg,CRIMSON PATCH
Image_4687.jpg,CRECENT
Image_4688.jpg,CHESTNUT
Image_4689.jpg,METALMARK
Image_4692.jpg,MONARCH
Image_4693.jpg,COMMON WOOD-NYMPH
Image_4694.jpg,CLEOPATRA
Image_4697.jpg,COPPER TAIL
Image_4698.jpg,GREAT EGGFLY
Image_4700.jpg,TWO BARRED FLASHER
Image_4701.jpg,SLEEPY ORANGE
Image_4702.jpg,TROPICAL LEAFWING
Image_4703.jpg,MANGROVE SKIPPER
Image_4704.jpg,BLUE MORPHO
Image_4706.jpg,CLODIUS PARNASSIAN
Image_4707.jpg,MANGROVE SKIPPER
Image_4715.jpg,SILVER SPOT SKIPPER
Image_4720.jpg,CRIMSON PATCH
Image_4721.jpg,CAIRNS BIRDWING
Image_4723.jpg,GREEN CELLED CATTLEHEART
Image_4729.jpg,SOUTHERN DOGFACE
Image_4731.jpg,PAINTED LADY
Image_4733.jpg,AFRICAN GIANT SWALLOWTAIL
Image_4736.jpg,EASTERN DAPPLE WHITE
Image_4737.jpg,ORANGE OAKLEAF
Image_4738.jpg,CLODIUS PARNASSIAN
Image_4740.jpg,RED POSTMAN
Image_4741.jpg,BLACK HAIRSTREAK
Image_4742.jpg,SLEEPY ORANGE
Image_4743.jpg,BECKERS WHITE
Image_4744.jpg,BANDED ORANGE HELICONIAN
Image_4747.jpg,CAIRNS BIRDWING
Image_4748.jpg,MONARCH
Image_4749.jpg,COMMON WOOD-NYMPH
Image_4750.jpg,WOOD SATYR
Image_4752.jpg,ELBOWED PIERROT
Image_4754.jpg,INDRA SWALLOW
Image_4756.jpg,WOOD SATYR
Image_4757.jpg,AFRICAN GIANT SWALLOWTAIL
Image_4759.jpg,EASTERN DAPPLE WHITE
Image_4761.jpg,PIPEVINE SWALLOW
Image_4763.jpg,CLODIUS PARNASSIAN
Image_4764.jpg,SOUTHERN DOGFACE
Image_4769.jpg,ADONIS
Image_4771.jpg,SCARCE SWALLOW
Image_4772.jpg,BLUE SPOTTED CROW
Image_4778.jpg,ORANGE TIP
Image_4779.jpg,BANDED PEACOCK
Image_4781.jpg,JULIA
Image_4782.jpg,INDRA SWALLOW
Image_4783.jpg,BROWN SIPROETA
Image_4785.jpg,RED CRACKER
Image_4788.jpg,CLODIUS PARNASSIAN
Image_4791.jpg,GREAT EGGFLY
Image_4795.jpg,BLUE MORPHO
Image_4797.jpg,PURPLE HAIRSTREAK
Image_4799.jpg,AN 88
Image_4803.jpg,IPHICLUS SISTER
Image_4806.jpg,COPPER TAIL
Image_4809.jpg,EASTERN DAPPLE WHITE
Image_4810.jpg,ELBOWED PIERROT
Image_4814.jpg,CHESTNUT
Image_4815.jpg,MONARCH
Image_4818.jpg,VICEROY
Image_4819.jpg,CRECENT
Image_4821.jpg,SILVER SPOT SKIPPER
Image_4824.jpg,JULIA
Image_4827.jpg,GOLD BANDED
Image_4828.jpg,JULIA
Image_4834.jpg,ULYSES
Image_4837.jpg,INDRA SWALLOW
Image_4841.jpg,AN 88
Image_4842.jpg,CLEOPATRA
Image_4843.jpg,MALACHITE
Image_4844.jpg,CHECQUERED SKIPPER
Image_4845.jpg,BLUE SPOTTED CROW
Image_4847.jpg,EASTERN DAPPLE WHITE
Image_4849.jpg,BECKERS WHITE
Image_4851.jpg,SILVER SPOT SKIPPER
Image_4860.jpg,GREY HAIRSTREAK
Image_4862.jpg,GREY HAIRSTREAK
Image_4863.jpg,IPHICLUS SISTER
Image_4864.jpg,STRAITED QUEEN
Image_4865.jpg,INDRA SWALLOW
Image_4867.jpg,PEACOCK
Image_4868.jpg,ELBOWED PIERROT
Image_4870.jpg,TROPICAL LEAFWING
Image_4874.jpg,MESTRA
Image_4876.jpg,BLUE MORPHO
Image_4880.jpg,ZEBRA LONG WING
Image_4883.jpg,EASTERN COMA
Image_4885.jpg,METALMARK
Image_4886.jpg,ORANGE TIP
Image_4887.jpg,RED SPOTTED PURPLE
Image_4889.jpg,EASTERN COMA
Image_4892.jpg,CRIMSON PATCH
Image_4893.jpg,TROPICAL LEAFWING
Image_4895.jpg,CAIRNS BIRDWING
Image_4896.jpg,EASTERN COMA
Image_4900.jpg,EASTERN PINE ELFIN
Image_4901.jpg,RED POSTMAN
Image_4902.jpg,IPHICLUS SISTER
Image_4903.jpg,MILBERTS TORTOISESHELL
Image_4905.jpg,SCARCE SWALLOW
Image_4906.jpg,SILVER SPOT SKIPPER
Image_4907.jpg,RED ADMIRAL
Image_4909.jpg,METALMARK
Image_4910.jpg,GREEN CELLED CATTLEHEART
Image_4912.jpg,AN 88
Image_4913.jpg,CABBAGE WHITE
Image_4917.jpg,COPPER TAIL
Image_4920.jpg,ORANGE TIP
Image_4922.jpg,LARGE MARBLE
Image_4925.jpg,PIPEVINE SWALLOW
Image_4927.jpg,SOUTHERN DOGFACE
Image_4931.jpg,CABBAGE WHITE
Image_4933.jpg,BROWN SIPROETA
Image_4936.jpg,SLEEPY ORANGE
Image_4938.jpg,AFRICAN GIANT SWALLOWTAIL
Image_4939.jpg,CLEOPATRA
Image_4940.jpg,EASTERN PINE ELFIN
Image_4941.jpg,CAIRNS BIRDWING
Image_4942.jpg,MONARCH
Image_4945.jpg,MOURNING CLOAK
Image_4946.jpg,ORANGE OAKLEAF
Image_4949.jpg,RED CRACKER
Image_4951.jpg,AMERICAN SNOOT
Image_4956.jpg,VICEROY
Image_4957.jpg,VICEROY
Image_4959.jpg,PINE WHITE
Image_4962.jpg,CRIMSON PATCH
Image_4965.jpg,DANAID EGGFLY
Image_4969.jpg,CHESTNUT
Image_4972.jpg,MALACHITE
Image_4975.jpg,EASTERN COMA
Image_4976.jpg,CHESTNUT
Image_4977.jpg,PEACOCK
Image_4978.jpg,RED SPOTTED PURPLE
Image_4979.jpg,YELLOW SWALLOW TAIL
Image_4981.jpg,BANDED ORANGE HELICONIAN
Image_4983.jpg,MESTRA
Image_4984.jpg,VICEROY
Image_4986.jpg,ELBOWED PIERROT
Image_4988.jpg,ELBOWED PIERROT
Image_4990.jpg,COPPER TAIL
Image_4991.jpg,RED ADMIRAL
Image_4993.jpg,EASTERN COMA
Image_4994.jpg,METALMARK
Image_4996.jpg,ORANGE TIP
Image_4997.jpg,MONARCH
Image_5000.jpg,COMMON BANDED AWL
Image_5004.jpg,RED SPOTTED PURPLE
Image_5010.jpg,STRAITED QUEEN
Image_5011.jpg,MALACHITE
Image_5013.jpg,EASTERN COMA
Image_5019.jpg,MILBERTS TORTOISESHELL
Image_5020.jpg,CLOUDED SULPHUR
Image_5021.jpg,GREY HAIRSTREAK
Image_5022.jpg,AMERICAN SNOOT
Image_5024.jpg,RED SPOTTED PURPLE
Image_5025.jpg,CRIMSON PATCH
Image_5026.jpg,POPINJAY
Image_5027.jpg,PAINTED LADY
Image_5033.jpg,GREAT JAY
Image_5034.jpg,PIPEVINE SWALLOW
Image_5035.jpg,CRECENT
Image_5036.jpg,ORANGE TIP
Image_5037.jpg,PURPLE HAIRSTREAK
Image_5038.jpg,SOOTYWING
Image_5041.jpg,PAINTED LADY
Image_5042.jpg,PAINTED LADY
Image_5043.jpg,EASTERN DAPPLE WHITE
Image_5045.jpg,MALACHITE
Image_5049.jpg,BLACK HAIRSTREAK
Image_5053.jpg,RED CRACKER
Image_5055.jpg,PINE WHITE
Image_5057.jpg,MESTRA
Image_5060.jpg,BLUE SPOTTED CROW
Image_5062.jpg,CAIRNS BIRDWING
Image_5063.jpg,ZEBRA LONG WING
Image_5064.jpg,ATALA
Image_5065.jpg,PIPEVINE SWALLOW
Image_5067.jpg,MOURNING CLOAK
Image_5070.jpg,ORCHARD SWALLOW
Image_5071.jpg,CHESTNUT
Image_5072.jpg,JULIA
Image_5077.jpg,GREAT JAY
Image_5078.jpg,WOOD SATYR
Image_5080.jpg,BECKERS WHITE
Image_5081.jpg,MOURNING CLOAK
Image_5082.jpg,COMMON BANDED AWL
Image_5083.jpg,RED CRACKER
Image_5085.jpg,STRAITED QUEEN
Image_5087.jpg,ORCHARD SWALLOW
Image_5094.jpg,SOUTHERN DOGFACE
Image_5096.jpg,COMMON BANDED AWL
Image_5098.jpg,MANGROVE SKIPPER
Image_5099.jpg,AN 88
Image_5101.jpg,PURPLISH COPPER
Image_5105.jpg,QUESTION MARK
Image_5106.jpg,INDRA SWALLOW
Image_5107.jpg,ATALA
Image_5109.jpg,MESTRA
Image_5110.jpg,STRAITED QUEEN
Image_5114.jpg,BANDED ORANGE HELICONIAN
Image_5115.jpg,IPHICLUS SISTER
Image_5117.jpg,BANDED ORANGE HELICONIAN
Image_5118.jpg,CLOUDED SULPHUR
Image_5126.jpg,BROWN SIPROETA
Image_5127.jpg,COMMON BANDED AWL
Image_5131.jpg,TWO BARRED FLASHER
Image_5137.jpg,SCARCE SWALLOW
Image_5138.jpg,EASTERN COMA
Image_5139.jpg,MALACHITE
Image_5140.jpg,WOOD SATYR
Image_5142.jpg,PURPLE HAIRSTREAK
Image_5143.jpg,BLACK HAIRSTREAK
Image_5144.jpg,ELBOWED PIERROT
Image_5146.jpg,WOOD SATYR
Image_5147.jpg,AMERICAN SNOOT
Image_5149.jpg,EASTERN DAPPLE WHITE
Image_5151.jpg,CLOUDED SULPHUR
Image_5152.jpg,SOOTYWING
Image_5153.jpg,ORANGE OAKLEAF
Image_5157.jpg,PINE WHITE
Image_5159.jpg,BROWN SIPROETA
Image_5162.jpg,CLODIUS PARNASSIAN
Image_5165.jpg,BECKERS WHITE
Image_5167.jpg,ORANGE OAKLEAF
Image_5168.jpg,CABBAGE WHITE
Image_5173.jpg,AN 88
Image_5174.jpg,PURPLE HAIRSTREAK
Image_5176.jpg,MILBERTS TORTOISESHELL
Image_5177.jpg,ZEBRA LONG WING
Image_5178.jpg,AFRICAN GIANT SWALLOWTAIL
Image_5182.jpg,LARGE MARBLE
Image_5183.jpg,BLUE SPOTTED CROW
Image_5184.jpg,METALMARK
Image_5185.jpg,COPPER TAIL
Image_5187.jpg,POPINJAY
Image_5188.jpg,ELBOWED PIERROT
Image_5190.jpg,DANAID EGGFLY
Image_5191.jpg,BLUE SPOTTED CROW
Image_5192.jpg,BANDED PEACOCK
Image_5195.jpg,ELBOWED PIERROT
Image_5196.jpg,RED CRACKER
Image_5197.jpg,CAIRNS BIRDWING
Image_5198.jpg,MESTRA
Image_5203.jpg,SOOTYWING
Image_5205.jpg,COPPER TAIL
Image_5207.jpg,SOOTYWING
Image_5210.jpg,EASTERN DAPPLE WHITE
Image_5212.jpg,CHESTNUT
Image_5213.jpg,CHECQUERED SKIPPER
Image_5216.jpg,STRAITED QUEEN
Image_5219.jpg,SOUTHERN DOGFACE
Image_5222.jpg,RED CRACKER
Image_5226.jpg,SOOTYWING
Image_5227.jpg,AMERICAN SNOOT
Image_5229.jpg,SOUTHERN DOGFACE
Image_5230.jpg,GREAT EGGFLY
Image_5231.jpg,SOOTYWING
Image_5232.jpg,SILVER SPOT SKIPPER
Image_5233.jpg,CABBAGE WHITE
Image_5235.jpg,LARGE MARBLE
Image_5236.jpg,ORANGE OAKLEAF
Image_5237.jpg,ATALA
Image_5239.jpg,MANGROVE SKIPPER
Image_5240.jpg,PAINTED LADY
Image_5241.jpg,CHESTNUT
Image_5242.jpg,EASTERN PINE ELFIN
Image_5243.jpg,EASTERN COMA
Image_5244.jpg,CLEOPATRA
Image_5245.jpg,PAPER KITE
Image_5246.jpg,AMERICAN SNOOT
Image_5249.jpg,CHESTNUT
Image_5251.jpg,ORANGE OAKLEAF
Image_5252.jpg,COMMON BANDED AWL
Image_5254.jpg,COMMON WOOD-NYMPH
Image_5255.jpg,SCARCE SWALLOW
Image_5256.jpg,CHECQUERED SKIPPER
Image_5259.jpg,BLUE SPOTTED CROW
Image_5262.jpg,ELBOWED PIERROT
Image_5268.jpg,BLUE SPOTTED CROW
Image_5271.jpg,AN 88
Image_5273.jpg,METALMARK
Image_5275.jpg,GREY HAIRSTREAK
Image_5276.jpg,GOLD BANDED
Image_5277.jpg,CRIMSON PATCH
Image_5278.jpg,SLEEPY ORANGE
Image_5279.jpg,BANDED ORANGE HELICONIAN
Image_5283.jpg,STRAITED QUEEN
Image_5287.jpg,YELLOW SWALLOW TAIL
Image_5288.jpg,MONARCH
Image_5294.jpg,SOUTHERN DOGFACE
Image_5296.jpg,CABBAGE WHITE
Image_5298.jpg,METALMARK
Image_5299.jpg,COPPER TAIL
Image_5305.jpg,AN 88
Image_5307.jpg,RED ADMIRAL
Image_5308.jpg,EASTERN DAPPLE WHITE
Image_5310.jpg,ULYSES
Image_5313.jpg,PURPLISH COPPER
Image_5315.jpg,ZEBRA LONG WING
Image_5316.jpg,BLUE MORPHO
Image_5318.jpg,MOURNING CLOAK
Image_5319.jpg,PEACOCK
Image_5321.jpg,POPINJAY
Image_5325.jpg,SLEEPY ORANGE
Image_5328.jpg,PEACOCK
Image_5329.jpg,MOURNING CLOAK
Image_5330.jpg,QUESTION MARK
Image_5333.jpg,SOUTHERN DOGFACE
Image_5334.jpg,MALACHITE
Image_5338.jpg,MILBERTS TORTOISESHELL
Image_5342.jpg,STRAITED QUEEN
Image_5346.jpg,METALMARK
Image_5348.jpg,PEACOCK
Image_5349.jpg,STRAITED QUEEN
Image_5350.jpg,AMERICAN SNOOT
Image_5357.jpg,CHESTNUT
Image_5359.jpg,BANDED ORANGE HELICONIAN
Image_5360.jpg,EASTERN PINE ELFIN
Image_5361.jpg,AN 88
Image_5362.jpg,SOUTHERN DOGFACE
Image_5363.jpg,AN 88
Image_5366.jpg,PINE WHITE
Image_5367.jpg,PAINTED LADY
Image_5368.jpg,GREAT JAY
Image_5370.jpg,ZEBRA LONG WING
Image_5373.jpg,ZEBRA LONG WING
Image_5375.jpg,CAIRNS BIRDWING
Image_5376.jpg,ATALA
Image_5378.jpg,QUESTION MARK
Image_5379.jpg,CRIMSON PATCH
Image_5381.jpg,CLEOPATRA
Image_5383.jpg,TWO BARRED FLASHER
Image_5389.jpg,IPHICLUS SISTER
Image_5392.jpg,JULIA
Image_5393.jpg,EASTERN COMA
Image_5394.jpg,ADONIS
Image_5395.jpg,ZEBRA LONG WING
Image_5397.jpg,YELLOW SWALLOW TAIL
Image_5399.jpg,TWO BARRED FLASHER
Image_5403.jpg,ORANGE TIP
Image_5405.jpg,COMMON WOOD-NYMPH
Image_5407.jpg,CLOUDED SULPHUR
Image_5409.jpg,TWO BARRED FLASHER
Image_5410.jpg,DANAID EGGFLY
Image_5411.jpg,ELBOWED PIERROT
Image_5413.jpg,GREAT EGGFLY
Image_5416.jpg,APPOLLO
Image_5417.jpg,CLOUDED SULPHUR
Image_5418.jpg,ATALA
Image_5420.jpg,GREAT EGGFLY
Image_5421.jpg,PAINTED LADY
Image_5427.jpg,SILVER SPOT SKIPPER
Image_5428.jpg,CLEOPATRA
Image_5431.jpg,CRIMSON PATCH
Image_5432.jpg,CAIRNS BIRDWING
Image_5436.jpg,PURPLE HAIRSTREAK
Image_5437.jpg,RED POSTMAN
Image_5440.jpg,ORANGE OAKLEAF
Image_5441.jpg,CRECENT
Image_5444.jpg,BANDED ORANGE HELICONIAN
Image_5447.jpg,RED ADMIRAL
Image_5448.jpg,JULIA
Image_5449.jpg,BLACK HAIRSTREAK
Image_5450.jpg,GREAT EGGFLY
Image_5451.jpg,WOOD SATYR
Image_5455.jpg,COMMON WOOD-NYMPH
Image_5460.jpg,EASTERN COMA
Image_5461.jpg,POPINJAY
Image_5462.jpg,ZEBRA LONG WING
Image_5465.jpg,BECKERS WHITE
Image_5466.jpg,METALMARK
Image_5467.jpg,LARGE MARBLE
Image_5469.jpg,COPPER TAIL
Image_5473.jpg,COPPER TAIL
Image_5474.jpg,MESTRA
Image_5475.jpg,CLOUDED SULPHUR
Image_5476.jpg,AN 88
Image_5478.jpg,COPPER TAIL
Image_5479.jpg,VICEROY
Image_5480.jpg,CHECQUERED SKIPPER
Image_5482.jpg,ULYSES
Image_5484.jpg,GOLD BANDED
Image_5485.jpg,BECKERS WHITE
Image_5487.jpg,SLEEPY ORANGE
Image_5488.jpg,RED SPOTTED PURPLE
Image_5491.jpg,PINE WHITE
Image_5494.jpg,GREEN CELLED CATTLEHEART
Image_5503.jpg,ORCHARD SWALLOW
Image_5506.jpg,BLUE SPOTTED CROW
Image_5507.jpg,BANDED PEACOCK
Image_5508.jpg,BANDED PEACOCK
Image_5510.jpg,PEACOCK
Image_5511.jpg,RED SPOTTED PURPLE
Image_5515.jpg,COMMON BANDED AWL
Image_5520.jpg,CHECQUERED SKIPPER
Image_5521.jpg,STRAITED QUEEN
Image_5524.jpg,MESTRA
Image_5525.jpg,AFRICAN GIANT SWALLOWTAIL
Image_5526.jpg,ORCHARD SWALLOW
Image_5532.jpg,CRIMSON PATCH
Image_5533.jpg,CLOUDED SULPHUR
Image_5534.jpg,BLUE SPOTTED CROW
Image_5541.jpg,YELLOW SWALLOW TAIL
Image_5542.jpg,ADONIS
Image_5543.jpg,SOOTYWING
Image_5544.jpg,EASTERN COMA
Image_5545.jpg,MOURNING CLOAK
Image_5546.jpg,CRIMSON PATCH
Image_5549.jpg,MALACHITE
Image_5551.jpg,SLEEPY ORANGE
Image_5556.jpg,INDRA SWALLOW
Image_5558.jpg,IPHICLUS SISTER
Image_5562.jpg,POPINJAY
Image_5564.jpg,MOURNING CLOAK
Image_5568.jpg,RED SPOTTED PURPLE
Image_5569.jpg,TROPICAL LEAFWING
Image_5571.jpg,PURPLISH COPPER
Image_5572.jpg,RED CRACKER
Image_5578.jpg,BROWN SIPROETA
Image_5580.jpg,ORCHARD SWALLOW
Image_5583.jpg,ZEBRA LONG WING
Image_5587.jpg,PURPLISH COPPER
Image_5590.jpg,PAINTED LADY
Image_5592.jpg,BLACK HAIRSTREAK
Image_5594.jpg,RED POSTMAN
Image_5596.jpg,PAINTED LADY
Image_5598.jpg,PAINTED LADY
Image_5599.jpg,PEACOCK
Image_5601.jpg,PURPLE HAIRSTREAK
Image_5603.jpg,ZEBRA LONG WING
Image_5604.jpg,RED POSTMAN
Image_5607.jpg,GREAT JAY
Image_5608.jpg,TROPICAL LEAFWING
Image_5610.jpg,COPPER TAIL
Image_5613.jpg,PURPLISH COPPER
Image_5620.jpg,CLOUDED SULPHUR
Image_5621.jpg,MESTRA
Image_5623.jpg,SCARCE SWALLOW
Image_5626.jpg,INDRA SWALLOW
Image_5632.jpg,CLEOPATRA
Image_5634.jpg,EASTERN DAPPLE WHITE
Image_5636.jpg,INDRA SWALLOW
Image_5641.jpg,MESTRA
Image_5642.jpg,QUESTION MARK
Image_5644.jpg,ZEBRA LONG WING
Image_5645.jpg,GREAT EGGFLY
Image_5646.jpg,PURPLE HAIRSTREAK
Image_5647.jpg,CLODIUS PARNASSIAN
Image_5648.jpg,CLOUDED SULPHUR
Image_5649.jpg,DANAID EGGFLY
Image_5651.jpg,SLEEPY ORANGE
Image_5653.jpg,RED SPOTTED PURPLE
Image_5654.jpg,GREAT JAY
Image_5657.jpg,SLEEPY ORANGE
Image_5659.jpg,ADONIS
Image_5660.jpg,CLODIUS PARNASSIAN
Image_5663.jpg,ORCHARD SWALLOW
Image_5665.jpg,TWO BARRED FLASHER
Image_5668.jpg,AMERICAN SNOOT
Image_5671.jpg,BROWN SIPROETA
Image_5672.jpg,RED CRACKER
Image_5673.jpg,RED POSTMAN
Image_5674.jpg,ORANGE TIP
Image_5676.jpg,YELLOW SWALLOW TAIL
Image_5679.jpg,CAIRNS BIRDWING
Image_5681.jpg,MALACHITE
Image_5683.jpg,PURPLISH COPPER
Image_5686.jpg,RED POSTMAN
Image_5689.jpg,SILVER SPOT SKIPPER
Image_5691.jpg,QUESTION MARK
Image_5694.jpg,GREEN CELLED CATTLEHEART
Image_5696.jpg,BANDED ORANGE HELICONIAN
Image_5697.jpg,CHESTNUT
Image_5698.jpg,ORANGE OAKLEAF
Image_5700.jpg,ULYSES
Image_5702.jpg,RED CRACKER
Image_5706.jpg,METALMARK
Image_5708.jpg,PINE WHITE
Image_5710.jpg,BANDED PEACOCK
Image_5711.jpg,MOURNING CLOAK
Image_5718.jpg,BROWN SIPROETA
Image_5719.jpg,ATALA
Image_5722.jpg,ULYSES
Image_5723.jpg,CHESTNUT
Image_5725.jpg,LARGE MARBLE
Image_5728.jpg,IPHICLUS SISTER
Image_5729.jpg,GREY HAIRSTREAK
Image_5730.jpg,CRIMSON PATCH
Image_5732.jpg,CABBAGE WHITE
Image_5734.jpg,BLUE SPOTTED CROW
Image_5737.jpg,IPHICLUS SISTER
Image_5738.jpg,GREY HAIRSTREAK
Image_5739.jpg,BROWN SIPROETA
Image_5745.jpg,CHECQUERED SKIPPER
Image_5746.jpg,PINE WHITE
Image_5747.jpg,ELBOWED PIERROT
Image_5748.jpg,IPHICLUS SISTER
Image_5750.jpg,STRAITED QUEEN
Image_5751.jpg,CHECQUERED SKIPPER
Image_5752.jpg,POPINJAY
Image_5753.jpg,ZEBRA LONG WING
Image_5756.jpg,BANDED ORANGE HELICONIAN
Image_5758.jpg,SOOTYWING
Image_5760.jpg,INDRA SWALLOW
Image_5761.jpg,RED ADMIRAL
Image_5762.jpg,YELLOW SWALLOW TAIL
Image_5769.jpg,BLUE SPOTTED CROW
Image_5770.jpg,CHESTNUT
Image_5772.jpg,VICEROY
Image_5774.jpg,BLACK HAIRSTREAK
Image_5776.jpg,TWO BARRED FLASHER
Image_5778.jpg,MONARCH
Image_5780.jpg,SILVER SPOT SKIPPER
Image_5782.jpg,DANAID EGGFLY
Image_5783.jpg,CABBAGE WHITE
Image_5784.jpg,COPPER TAIL
Image_5785.jpg,EASTERN PINE ELFIN
Image_5787.jpg,CLODIUS PARNASSIAN
Image_5789.jpg,BANDED ORANGE HELICONIAN
Image_5790.jpg,SOOTYWING
Image_5792.jpg,DANAID EGGFLY
Image_5793.jpg,AFRICAN GIANT SWALLOWTAIL
Image_5794.jpg,SOUTHERN DOGFACE
Image_5795.jpg,GREAT EGGFLY
Image_5798.jpg,RED ADMIRAL
Image_5799.jpg,TWO BARRED FLASHER
Image_5800.jpg,GREAT EGGFLY
Image_5801.jpg,RED POSTMAN
Image_5804.jpg,SOOTYWING
Image_5805.jpg,WOOD SATYR
Image_5806.jpg,RED POSTMAN
Image_5807.jpg,MANGROVE SKIPPER
Image_5808.jpg,PURPLE HAIRSTREAK
Image_5809.jpg,ULYSES
Image_5810.jpg,GREAT JAY
Image_5812.jpg,MILBERTS TORTOISESHELL
Image_5813.jpg,AMERICAN SNOOT
Image_5814.jpg,EASTERN PINE ELFIN
Image_5815.jpg,PAPER KITE
Image_5817.jpg,CLOUDED SULPHUR
Image_5819.jpg,PINE WHITE
Image_5820.jpg,PINE WHITE
Image_5821.jpg,AN 88
Image_5823.jpg,ORANGE OAKLEAF
Image_5824.jpg,BROWN SIPROETA
Image_5825.jpg,CLODIUS PARNASSIAN
Image_5827.jpg,EASTERN DAPPLE WHITE
Image_5829.jpg,GOLD BANDED
Image_5833.jpg,MALACHITE
Image_5836.jpg,VICEROY
Image_5839.jpg,IPHICLUS SISTER
Image_5841.jpg,COMMON WOOD-NYMPH
Image_5843.jpg,VICEROY
Image_5844.jpg,MANGROVE SKIPPER
Image_5846.jpg,ORANGE OAKLEAF
Image_5847.jpg,EASTERN DAPPLE WHITE
Image_5848.jpg,CRIMSON PATCH
Image_5849.jpg,BROWN SIPROETA
Image_5852.jpg,CRIMSON PATCH
Image_5853.jpg,MOURNING CLOAK
Image_5855.jpg,GREAT JAY
Image_5856.jpg,DANAID EGGFLY
Image_5857.jpg,PAPER KITE
Image_5861.jpg,SLEEPY ORANGE
Image_5863.jpg,QUESTION MARK
Image_5865.jpg,YELLOW SWALLOW TAIL
Image_5866.jpg,PURPLISH COPPER
Image_5867.jpg,PURPLE HAIRSTREAK
Image_5868.jpg,GREAT EGGFLY
Image_5870.jpg,ATALA
Image_5871.jpg,PINE WHITE
Image_5872.jpg,JULIA
Image_5874.jpg,MANGROVE SKIPPER
Image_5875.jpg,AMERICAN SNOOT
Image_5876.jpg,BROWN SIPROETA
Image_5877.jpg,MONARCH
Image_5878.jpg,JULIA
Image_5879.jpg,BROWN SIPROETA
Image_5882.jpg,GREAT EGGFLY
Image_5883.jpg,SOUTHERN DOGFACE
Image_5884.jpg,ZEBRA LONG WING
Image_5886.jpg,ZEBRA LONG WING
Image_5887.jpg,SCARCE SWALLOW
Image_5891.jpg,PAPER KITE
Image_5892.jpg,VICEROY
Image_5894.jpg,TWO BARRED FLASHER
Image_5895.jpg,MANGROVE SKIPPER
Image_5899.jpg,SCARCE SWALLOW
Image_5901.jpg,CABBAGE WHITE
Image_5903.jpg,LARGE MARBLE
Image_5905.jpg,MILBERTS TORTOISESHELL
Image_5906.jpg,SILVER SPOT SKIPPER
Image_5907.jpg,MALACHITE
Image_5908.jpg,ORCHARD SWALLOW
Image_5912.jpg,GREEN CELLED CATTLEHEART
Image_5913.jpg,ATALA
Image_5915.jpg,SOOTYWING
Image_5917.jpg,MANGROVE SKIPPER
Image_5920.jpg,CHESTNUT
Image_5921.jpg,CHECQUERED SKIPPER
Image_5924.jpg,ADONIS
Image_5925.jpg,RED SPOTTED PURPLE
Image_5926.jpg,MESTRA
Image_5928.jpg,ORANGE TIP
Image_5930.jpg,ATALA
Image_5932.jpg,PURPLISH COPPER
Image_5933.jpg,EASTERN PINE ELFIN
Image_5936.jpg,AN 88
Image_5937.jpg,PINE WHITE
Image_5938.jpg,EASTERN COMA
Image_5942.jpg,MALACHITE
Image_5944.jpg,PAPER KITE
Image_5947.jpg,SILVER SPOT SKIPPER
Image_5949.jpg,SOOTYWING
Image_5950.jpg,ULYSES
Image_5951.jpg,ORANGE OAKLEAF
Image_5954.jpg,PEACOCK
Image_5955.jpg,STRAITED QUEEN
Image_5957.jpg,PIPEVINE SWALLOW
Image_5958.jpg,SILVER SPOT SKIPPER
Image_5961.jpg,ADONIS
Image_5963.jpg,RED POSTMAN
Image_5967.jpg,BLUE MORPHO
Image_5969.jpg,APPOLLO
Image_5970.jpg,RED POSTMAN
Image_5971.jpg,SOOTYWING
Image_5977.jpg,CRECENT
Image_5978.jpg,PIPEVINE SWALLOW
Image_5980.jpg,CLOUDED SULPHUR
Image_5981.jpg,ATALA
Image_5982.jpg,VICEROY
Image_5984.jpg,AMERICAN SNOOT
Image_5985.jpg,QUESTION MARK
Image_5986.jpg,PURPLE HAIRSTREAK
Image_5988.jpg,RED SPOTTED PURPLE
Image_5989.jpg,QUESTION MARK
Image_5990.jpg,GREY HAIRSTREAK
Image_5995.jpg,MILBERTS TORTOISESHELL
Image_5997.jpg,CHESTNUT
Image_6001.jpg,MONARCH
Image_6004.jpg,YELLOW SWALLOW TAIL
Image_6005.jpg,METALMARK
Image_6008.jpg,GREEN CELLED CATTLEHEART
Image_6009.jpg,EASTERN PINE ELFIN
Image_6010.jpg,MESTRA
Image_6011.jpg,BECKERS WHITE
Image_6013.jpg,BLUE SPOTTED CROW
Image_6018.jpg,BECKERS WHITE
Image_6020.jpg,MOURNING CLOAK
Image_6023.jpg,PIPEVINE SWALLOW
Image_6025.jpg,EASTERN PINE ELFIN
Image_6029.jpg,INDRA SWALLOW
Image_6031.jpg,GREAT JAY
Image_6032.jpg,BANDED ORANGE HELICONIAN
Image_6033.jpg,GREEN CELLED CATTLEHEART
Image_6034.jpg,MOURNING CLOAK
Image_6036.jpg,MOURNING CLOAK
Image_6037.jpg,ELBOWED PIERROT
Image_6038.jpg,CLODIUS PARNASSIAN
Image_6039.jpg,TWO BARRED FLASHER
Image_6041.jpg,CABBAGE WHITE
Image_6043.jpg,PURPLISH COPPER
Image_6046.jpg,INDRA SWALLOW
Image_6047.jpg,COPPER TAIL
Image_6048.jpg,RED CRACKER
Image_6049.jpg,ORANGE OAKLEAF
Image_6050.jpg,CLODIUS PARNASSIAN
Image_6053.jpg,CRIMSON PATCH
Image_6056.jpg,IPHICLUS SISTER
Image_6057.jpg,CLEOPATRA
Image_6058.jpg,PIPEVINE SWALLOW
Image_6060.jpg,COMMON WOOD-NYMPH
Image_6062.jpg,PURPLISH COPPER
Image_6063.jpg,AMERICAN SNOOT
Image_6065.jpg,PIPEVINE SWALLOW
Image_6066.jpg,EASTERN DAPPLE WHITE
Image_6068.jpg,RED POSTMAN
Image_6073.jpg,CLOUDED SULPHUR
Image_6076.jpg,JULIA
Image_6078.jpg,SOUTHERN DOGFACE
Image_6080.jpg,ORANGE OAKLEAF
Image_6082.jpg,RED CRACKER
Image_6083.jpg,COMMON BANDED AWL
Image_6084.jpg,GREAT JAY
Image_6087.jpg,SOUTHERN DOGFACE
Image_6088.jpg,ATALA
Image_6089.jpg,SLEEPY ORANGE
Image_6090.jpg,BROWN SIPROETA
Image_6093.jpg,SLEEPY ORANGE
Image_6094.jpg,ADONIS
Image_6095.jpg,COMMON BANDED AWL
Image_6098.jpg,MANGROVE SKIPPER
Image_6099.jpg,MANGROVE SKIPPER
Image_6102.jpg,VICEROY
Image_6103.jpg,ELBOWED PIERROT
Image_6104.jpg,SILVER SPOT SKIPPER
Image_6105.jpg,CLEOPATRA
Image_6107.jpg,GOLD BANDED
Image_6108.jpg,BANDED ORANGE HELICONIAN
Image_6109.jpg,ORCHARD SWALLOW
Image_6111.jpg,DANAID EGGFLY
Image_6113.jpg,APPOLLO
Image_6115.jpg,COMMON BANDED AWL
Image_6116.jpg,CLEOPATRA
Image_6121.jpg,PAPER KITE
Image_6122.jpg,JULIA
Image_6127.jpg,GREAT EGGFLY
Image_6128.jpg,BROWN SIPROETA
Image_6129.jpg,DANAID EGGFLY
Image_6130.jpg,POPINJAY
Image_6131.jpg,BECKERS WHITE
Image_6136.jpg,CHECQUERED SKIPPER
Image_6138.jpg,EASTERN COMA
Image_6141.jpg,CLEOPATRA
Image_6142.jpg,CLEOPATRA
Image_6144.jpg,MILBERTS TORTOISESHELL
Image_6145.jpg,BLUE SPOTTED CROW
Image_6146.jpg,POPINJAY
Image_6147.jpg,DANAID EGGFLY
Image_6148.jpg,COMMON WOOD-NYMPH
Image_6155.jpg,PURPLE HAIRSTREAK
Image_6157.jpg,GREAT JAY
Image_6158.jpg,CAIRNS BIRDWING
Image_6160.jpg,BROWN SIPROETA
Image_6162.jpg,GREAT EGGFLY
Image_6163.jpg,PAPER KITE
Image_6164.jpg,CRIMSON PATCH
Image_6167.jpg,CABBAGE WHITE
Image_6168.jpg,SOOTYWING
Image_6169.jpg,CLEOPATRA
Image_6170.jpg,EASTERN DAPPLE WHITE
Image_6174.jpg,BLUE SPOTTED CROW
Image_6175.jpg,PIPEVINE SWALLOW
Image_6176.jpg,MONARCH
Image_6177.jpg,BLACK HAIRSTREAK
Image_6178.jpg,CLODIUS PARNASSIAN
Image_6180.jpg,ATALA
Image_6182.jpg,MOURNING CLOAK
Image_6183.jpg,BLUE MORPHO
Image_6186.jpg,PEACOCK
Image_6187.jpg,DANAID EGGFLY
Image_6192.jpg,GREY HAIRSTREAK
Image_6194.jpg,ADONIS
Image_6195.jpg,ORANGE OAKLEAF
Image_6196.jpg,JULIA
Image_6197.jpg,BANDED PEACOCK
Image_6198.jpg,ADONIS
Image_6199.jpg,WOOD SATYR
Image_6200.jpg,CHECQUERED SKIPPER
Image_6201.jpg,ORCHARD SWALLOW
Image_6205.jpg,ZEBRA LONG WING
Image_6208.jpg,APPOLLO
Image_6209.jpg,YELLOW SWALLOW TAIL
Image_6210.jpg,PIPEVINE SWALLOW
Image_6213.jpg,DANAID EGGFLY
Image_6215.jpg,EASTERN PINE ELFIN
Image_6216.jpg,BLACK HAIRSTREAK
Image_6218.jpg,CRIMSON PATCH
Image_6221.jpg,GREAT JAY
Image_6223.jpg,TROPICAL LEAFWING
Image_6225.jpg,ATALA
Image_6228.jpg,TWO BARRED FLASHER
Image_6231.jpg,CLEOPATRA
Image_6234.jpg,MESTRA
Image_6235.jpg,QUESTION MARK
Image_6236.jpg,PAINTED LADY
Image_6238.jpg,EASTERN COMA
Image_6239.jpg,CLOUDED SULPHUR
Image_6242.jpg,PINE WHITE
Image_6247.jpg,IPHICLUS SISTER
Image_6252.jpg,SILVER SPOT SKIPPER
Image_6255.jpg,BECKERS WHITE
Image_6260.jpg,MILBERTS TORTOISESHELL
Image_6261.jpg,GREY HAIRSTREAK
Image_6263.jpg,CLEOPATRA
Image_6265.jpg,POPINJAY
Image_6267.jpg,BLUE SPOTTED CROW
Image_6268.jpg,ORCHARD SWALLOW
Image_6269.jpg,CABBAGE WHITE
Image_6270.jpg,CLEOPATRA
Image_6271.jpg,COPPER TAIL
Image_6276.jpg,RED CRACKER
Image_6277.jpg,MOURNING CLOAK
Image_6278.jpg,PURPLISH COPPER
Image_6281.jpg,EASTERN PINE ELFIN
Image_6282.jpg,RED CRACKER
Image_6283.jpg,BLUE MORPHO
Image_6284.jpg,ORANGE TIP
Image_6285.jpg,MILBERTS TORTOISESHELL
Image_6287.jpg,IPHICLUS SISTER
Image_6289.jpg,CAIRNS BIRDWING
Image_6291.jpg,RED ADMIRAL
Image_6292.jpg,DANAID EGGFLY
Image_6293.jpg,PURPLE HAIRSTREAK
Image_6296.jpg,AN 88
Image_6299.jpg,RED ADMIRAL
Image_6300.jpg,MILBERTS TORTOISESHELL
Image_6301.jpg,COMMON WOOD-NYMPH
Image_6302.jpg,RED ADMIRAL
Image_6305.jpg,JULIA
Image_6306.jpg,APPOLLO
Image_6307.jpg,AMERICAN SNOOT
Image_6309.jpg,MALACHITE
Image_6312.jpg,SILVER SPOT SKIPPER
Image_6313.jpg,MESTRA
Image_6314.jpg,CRIMSON PATCH
Image_6317.jpg,INDRA SWALLOW
Image_6318.jpg,MANGROVE SKIPPER
Image_6319.jpg,BECKERS WHITE
Image_6321.jpg,ELBOWED PIERROT
Image_6323.jpg,JULIA
Image_6325.jpg,BLACK HAIRSTREAK
Image_6326.jpg,CAIRNS BIRDWING
Image_6327.jpg,RED ADMIRAL
Image_6328.jpg,SCARCE SWALLOW
Image_6329.jpg,DANAID EGGFLY
Image_6330.jpg,GREAT JAY
Image_6332.jpg,ORANGE OAKLEAF
Image_6333.jpg,PEACOCK
Image_6335.jpg,ULYSES
Image_6336.jpg,CLOUDED SULPHUR
Image_6337.jpg,METALMARK
Image_6340.jpg,ULYSES
Image_6341.jpg,DANAID EGGFLY
Image_6344.jpg,AN 88
Image_6346.jpg,MILBERTS TORTOISESHELL
Image_6348.jpg,WOOD SATYR
Image_6350.jpg,BLUE SPOTTED CROW
Image_6353.jpg,ELBOWED PIERROT
Image_6354.jpg,ORANGE TIP
Image_6355.jpg,MOURNING CLOAK
Image_6356.jpg,SOOTYWING
Image_6357.jpg,IPHICLUS SISTER
Image_6358.jpg,ORCHARD SWALLOW
Image_6360.jpg,GOLD BANDED
Image_6362.jpg,SCARCE SWALLOW
Image_6364.jpg,TWO BARRED FLASHER
Image_6366.jpg,PURPLE HAIRSTREAK
Image_6371.jpg,CAIRNS BIRDWING
Image_6372.jpg,INDRA SWALLOW
Image_6379.jpg,PURPLE HAIRSTREAK
Image_6380.jpg,STRAITED QUEEN
Image_6382.jpg,COPPER TAIL
Image_6384.jpg,PEACOCK
Image_6386.jpg,SOOTYWING
Image_6387.jpg,PIPEVINE SWALLOW
Image_6390.jpg,SOOTYWING
Image_6391.jpg,PINE WHITE
Image_6392.jpg,DANAID EGGFLY
Image_6393.jpg,RED ADMIRAL
Image_6394.jpg,ZEBRA LONG WING
Image_6395.jpg,CHESTNUT
Image_6396.jpg,RED CRACKER
Image_6398.jpg,GREEN CELLED CATTLEHEART
Image_6401.jpg,CLODIUS PARNASSIAN
Image_6402.jpg,MESTRA
Image_6404.jpg,BLUE MORPHO
Image_6408.jpg,RED SPOTTED PURPLE
Image_6413.jpg,APPOLLO
Image_6418.jpg,PAINTED LADY
Image_6420.jpg,BANDED ORANGE HELICONIAN
Image_6422.jpg,SOOTYWING
Image_6425.jpg,BANDED ORANGE HELICONIAN
Image_6426.jpg,MOURNING CLOAK
Image_6427.jpg,CRECENT
Image_6432.jpg,GOLD BANDED
Image_6433.jpg,EASTERN DAPPLE WHITE
Image_6434.jpg,POPINJAY
Image_6435.jpg,CLOUDED SULPHUR
Image_6436.jpg,EASTERN COMA
Image_6439.jpg,CRECENT
Image_6440.jpg,ULYSES
Image_6446.jpg,EASTERN DAPPLE WHITE
Image_6450.jpg,GREY HAIRSTREAK
Image_6452.jpg,MONARCH
Image_6453.jpg,TROPICAL LEAFWING
Image_6454.jpg,COPPER TAIL
Image_6456.jpg,PURPLISH COPPER
Image_6457.jpg,SOOTYWING
Image_6459.jpg,VICEROY
Image_6461.jpg,SOUTHERN DOGFACE
Image_6463.jpg,ORANGE TIP
Image_6464.jpg,PURPLISH COPPER
Image_6465.jpg,BANDED ORANGE HELICONIAN
Image_6466.jpg,EASTERN COMA
Image_6467.jpg,BROWN SIPROETA
Image_6469.jpg,ATALA
Image_6471.jpg,CLOUDED SULPHUR
Image_6472.jpg,CABBAGE WHITE
Image_6473.jpg,CLODIUS PARNASSIAN
Image_6474.jpg,PIPEVINE SWALLOW
Image_6475.jpg,AMERICAN SNOOT
Image_6476.jpg,PEACOCK
Image_6479.jpg,ULYSES
Image_6481.jpg,GREAT JAY
Image_6489.jpg,SOUTHERN DOGFACE
Image_6490.jpg,GREAT EGGFLY
Image_6492.jpg,SOOTYWING
Image_6494.jpg,ORANGE OAKLEAF
Image_6495.jpg,MANGROVE SKIPPER
Image_6497.jpg,APPOLLO
